Date,Open,High,Low,Close,Adj Close,Volume
3/13/14,76.777145,77.094284,75.594284,75.807144,67.034889,64435700
3/14/14,75.541428,75.841431,74.714287,74.955711,66.281975,59299800
3/17/14,75.385712,75.709999,75.121429,75.248573,66.540955,49886200
3/18/14,75.128571,75.995712,75.028572,75.914284,67.129631,52411800
3/19/14,76.03714,76.605713,75.571426,75.894287,67.111969,56189000
3/20/14,75.69857,76.095711,75.335716,75.528572,66.788559,52099600
3/21/14,75.989998,76.25,75.190002,76.124283,67.315308,93511600
3/24/14,76.917145,77.214287,76.437141,77.027145,68.113724,88925200
3/25/14,77.35714,77.964287,77.084282,77.855713,68.846397,70573300
3/26/14,78.074287,78.428574,76.980003,77.111427,68.188232,74942000
3/27/14,77.145714,77.35714,76.445717,76.779999,67.895157,55507900
3/28/14,76.902855,76.991432,76.321426,76.694283,67.819397,50141000
3/31/14,77.03286,77.258568,76.561432,76.677139,67.804207,42167300
4/1/14,76.822861,77.410004,76.681427,77.378571,68.424469,50190000
4/2/14,77.482857,77.639999,77.18,77.507141,68.53817,45105200
4/3/14,77.341431,77.5,76.805717,76.970001,68.063202,40586000
4/4/14,77.115715,77.14286,75.797142,75.974289,67.182701,68812800
4/7/14,75.431427,75.842857,74.555717,74.781425,66.127869,72462600
4/8/14,75.027145,75.160004,74.099998,74.777145,66.124092,60972100
4/9/14,74.662857,75.784286,74.574287,75.760002,66.993195,51542400
4/10/14,75.811432,76.034286,74.738571,74.78286,66.12915,59913000
4/11/14,74.14286,74.690002,73.877144,74.230003,65.640236,67929400
4/14/14,74.557144,74.594284,73.887146,74.525711,65.901756,51418500
4/15/14,74.324287,74.519997,73.047142,73.994286,65.431808,66622500
4/16/14,74.007141,74.441429,73.44857,74.144287,65.564453,53691400
4/17/14,74.285713,75.394287,74.171425,74.991432,66.313568,71083600
4/21/14,75.048569,76.019997,74.851425,75.881432,67.100571,45637200
4/22/14,75.472855,75.975716,75.214287,75.957146,67.167534,50640800
4/23/14,75.580002,75.875717,74.921425,74.964287,66.289574,98735000
4/24/14,81.172859,81.428574,80.104286,81.110001,71.724113,189977900
4/25/14,80.647141,81.71286,80.565712,81.705711,72.250885,97568800
4/28/14,81.828575,85.10714,81.792854,84.870003,75.049004,167371400
4/29/14,84.82,85.139999,84.215714,84.618568,74.826683,84344400
4/30/14,84.662857,85.632858,84.257141,84.298569,74.543709,114160200
5/1/14,84.571426,84.971428,83.765717,84.497147,74.719299,61012000
5/2/14,84.620003,84.885712,84.244286,84.654289,74.858269,47878600
5/5/14,84.305717,85.85714,84.285713,85.851425,75.916885,71766800
5/6/14,85.971428,86.344284,84.915718,84.915718,75.089447,93641100
5/7/14,85.035713,85.327141,83.961426,84.618568,74.826683,70716100
5/8/14,84.035713,84.915718,83.771431,83.998573,77.283211,57574300
5/9/14,83.505714,83.75,82.904289,83.648575,76.961197,72899400
5/12/14,83.927139,84.808571,83.914284,84.690002,77.91938,53302200
5/13/14,84.571426,84.934288,84.385712,84.822861,78.041618,39934300
5/14/14,84.632858,85.342857,84.534286,84.83857,78.056053,41601000
5/15/14,84.957146,85.228569,84.005714,84.117142,77.392319,57711500
5/16/14,84.089996,85.361427,83.628571,85.358574,78.534492,69064100
5/19/14,85.407143,86.761429,85.332855,86.370003,79.465065,79438800
5/20/14,86.358574,86.628571,85.818573,86.387146,79.480827,58709000
5/21/14,86.261429,86.671425,86.008568,86.615715,79.691139,49214900
5/22/14,86.657143,87.121429,86.300003,86.752853,79.817314,50190000
5/23/14,86.75,87.818573,86.638573,87.732857,80.718971,58052400
5/27/14,87.982857,89.408569,87.947144,89.375717,82.230476,87216500
5/28/14,89.431427,89.975716,89.111427,89.144287,82.01757,78870400
5/29/14,89.692856,90.98143,89.681427,90.76857,83.511993,94118500
5/30/14,91.139999,92.024284,89.842857,90.428574,83.199173,141005200
6/2/14,90.565712,90.690002,88.928574,89.807144,82.627434,92337700
6/3/14,89.779999,91.248573,89.75,91.077141,83.795898,73177300
6/4/14,91.062859,92.555717,90.872856,92.117142,84.752747,83870500
6/5/14,92.314285,92.767143,91.80143,92.478569,85.085281,75951400
6/6/14,92.842857,93.03714,92.067146,92.224289,84.851349,87484600
6/9/14,92.699997,93.879997,91.75,93.699997,86.209076,75415000
6/10/14,94.730003,95.050003,93.57,94.25,86.715096,62777000
6/11/14,94.129997,94.760002,93.470001,93.860001,86.356293,45681000
6/12/14,94.040001,94.120003,91.900002,92.290001,84.911781,54749000
6/13/14,92.199997,92.440002,90.879997,91.279999,83.982529,54525000
6/16/14,91.510002,92.75,91.449997,92.199997,84.828972,35561000
6/17/14,92.309998,92.699997,91.800003,92.080002,84.718567,29726000
6/18/14,92.269997,92.290001,91.349998,92.18,84.8106,33514000
6/19/14,92.290001,92.300003,91.339996,91.860001,84.516167,35528000
6/20/14,91.849998,92.550003,90.900002,90.910004,83.642128,100898000
6/23/14,91.32,91.620003,90.599998,90.830002,83.568497,43694000
6/24/14,90.75,91.739998,90.190002,90.279999,83.062485,39036000
6/25/14,90.209999,90.699997,89.650002,90.360001,83.136078,36869000
6/26/14,90.370003,91.050003,89.800003,90.900002,83.632912,32629000
6/27/14,90.82,92,90.769997,91.980003,84.626579,64029000
6/30/14,92.099998,93.730003,92.089996,92.93,85.50061,49482300
7/1/14,93.519997,94.07,93.129997,93.519997,86.043442,38223000
7/2/14,93.870003,94.059998,93.089996,93.480003,86.006638,28465000
7/3/14,93.669998,94.099998,93.199997,94.029999,86.51268,22891800
7/7/14,94.139999,95.989998,94.099998,95.970001,88.297592,56468000
7/8/14,96.269997,96.800003,93.919998,95.349998,87.72715,65222000
7/9/14,95.440002,95.949997,94.760002,95.389999,87.763939,36436000
7/10/14,93.760002,95.550003,93.519997,95.040001,87.44194,39686000
7/11/14,95.360001,95.889999,94.860001,95.220001,87.607529,34018000
7/14/14,95.860001,96.889999,95.650002,96.449997,88.739197,42810000
7/15/14,96.800003,96.849998,95.029999,95.32,87.69957,45477900
7/16/14,96.970001,97.099998,94.739998,94.779999,87.202713,53396300
7/17/14,95.029999,95.279999,92.57,93.089996,85.647842,57298000
7/18/14,93.620003,94.739998,93.019997,94.43,86.880707,49988000
7/21/14,94.989998,95,93.720001,93.940002,86.429893,39079000
7/22/14,94.68,94.889999,94.120003,94.720001,87.14753,55197000
7/23/14,95.419998,97.879997,95.169998,97.190002,89.420052,92918000
7/24/14,97.040001,97.32,96.419998,97.029999,89.272858,45729000
7/25/14,96.849998,97.839996,96.639999,97.669998,89.861679,43469000
7/28/14,97.82,99.239998,97.550003,99.019997,91.103737,55318000
7/29/14,99.330002,99.440002,98.25,98.379997,90.514915,43143000
7/30/14,98.440002,98.699997,97.669998,98.150002,90.303284,33010000
7/31/14,97.160004,97.449997,95.330002,95.599998,87.957153,56843000
8/1/14,94.900002,96.620003,94.809998,96.129997,88.444794,48511000
8/4/14,96.370003,96.580002,95.169998,95.589996,87.947975,39958000
8/5/14,95.360001,95.68,94.360001,95.120003,87.515549,55933000
8/6/14,94.75,95.480003,94.709999,94.959999,87.368324,38558000
8/7/14,94.93,95.949997,94.099998,94.480003,87.359085,46711000
8/8/14,94.260002,94.82,93.279999,94.739998,87.59948,41865000
8/11/14,95.269997,96.080002,94.839996,95.989998,88.755272,36585000
8/12/14,96.040001,96.879997,95.610001,95.970001,88.736786,33795000
8/13/14,96.150002,97.239998,96.040001,97.239998,89.911064,31916000
8/14/14,97.330002,97.57,96.800003,97.5,90.151459,28116000
8/15/14,97.900002,98.190002,96.860001,97.980003,90.595291,48951000
8/18/14,98.489998,99.370003,97.980003,99.160004,91.686363,47572000
8/19/14,99.410004,100.68,99.32,100.529999,92.953094,69399000
8/20/14,100.440002,101.089996,99.949997,100.57,92.990074,52699000
8/21/14,100.57,100.940002,100.110001,100.580002,92.999329,33478000
8/22/14,100.290001,101.470001,100.190002,101.32,93.683578,44184000
8/25/14,101.790001,102.169998,101.279999,101.540001,93.886971,40270000
8/26/14,101.419998,101.5,100.860001,100.889999,93.285942,33152000
8/27/14,101.019997,102.57,100.699997,102.129997,94.43251,52369000
8/28/14,101.589996,102.779999,101.559998,102.25,94.543472,68460000
8/29/14,102.860001,102.900002,102.199997,102.5,94.77462,44595000
9/2/14,103.059998,103.739998,102.720001,103.300003,95.51432,53564000
9/3/14,103.099998,103.199997,98.580002,98.940002,91.482925,125421000
9/4/14,98.849998,100.089996,97.790001,98.120003,90.724754,85718000
9/5/14,98.800003,99.389999,98.309998,98.970001,91.510666,58457000
9/8/14,99.300003,99.309998,98.050003,98.360001,90.946655,46356700
9/9/14,99.080002,103.080002,96.139999,97.989998,90.604546,189846300
9/10/14,98.010002,101.110001,97.760002,101,93.387672,100869600
9/11/14,100.410004,101.440002,99.620003,101.43,93.785255,62353100
9/12/14,101.209999,102.190002,101.080002,101.660004,93.99794,62626100
9/15/14,102.809998,103.050003,101.440002,101.629997,93.970192,61316500
9/16/14,99.800003,101.260002,98.889999,100.860001,93.258224,66908100
9/17/14,101.269997,101.800003,100.589996,101.580002,93.923965,60926500
9/18/14,101.93,102.349998,101.559998,101.790001,94.118134,37299400
9/19/14,102.290001,102.349998,100.5,100.959999,93.350693,70902400
9/22/14,101.800003,102.139999,100.580002,101.059998,93.443146,52788400
9/23/14,100.599998,102.940002,100.540001,102.639999,94.904076,63402200
9/24/14,102.160004,102.849998,101.199997,101.75,94.081146,60171800
9/25/14,100.510002,100.709999,97.720001,97.870003,90.493599,100092000
9/26/14,98.529999,100.75,98.400002,100.75,93.156509,62370500
9/29/14,98.650002,100.440002,98.629997,100.110001,92.564751,49766300
9/30/14,100.809998,101.540001,100.529999,100.75,93.156509,55264100
10/1/14,100.589996,100.690002,98.699997,99.18,91.704857,51491300
10/2/14,99.269997,100.220001,98.040001,99.900002,92.370575,47757800
10/3/14,99.440002,100.209999,99.040001,99.620003,92.111702,43469600
10/6/14,99.949997,100.650002,99.419998,99.620003,92.111702,37051200
10/7/14,99.43,100.120003,98.730003,98.75,91.307266,42094200
10/8/14,98.760002,101.110001,98.309998,100.800003,93.202759,57404700
10/9/14,101.540001,102.379997,100.610001,101.019997,93.406174,77376500
10/10/14,100.690002,102.029999,100.300003,100.730003,93.138023,66331600
10/13/14,101.330002,101.779999,99.809998,99.809998,92.287369,53583400
10/14/14,100.389999,100.519997,98.57,98.75,91.307266,63688600
10/15/14,97.970001,99.150002,95.18,97.540001,90.188454,100933600
10/16/14,95.550003,97.720001,95.410004,96.260002,89.004921,72154500
10/17/14,97.5,99,96.809998,97.669998,90.308647,68179700
10/20/14,98.32,99.959999,98.220001,99.760002,92.241142,77517300
10/21/14,103.019997,103.019997,101.269997,102.470001,94.746887,94623900
10/22/14,102.839996,104.110001,102.599998,102.989998,95.227699,68263100
10/23/14,104.080002,105.050003,103.629997,104.830002,96.929016,71074700
10/24/14,105.18,105.489998,104.529999,105.220001,97.289619,47053900
10/27/14,104.849998,105.480003,104.699997,105.110001,97.187912,34187700
10/28/14,105.400002,106.739998,105.349998,106.739998,98.695061,48060900
10/29/14,106.650002,107.370003,106.360001,107.339996,99.249817,52687900
10/30/14,106.959999,107.349998,105.900002,106.980003,98.916977,40654800
10/31/14,108.010002,108.040001,107.209999,108,99.860077,44639300
11/3/14,108.220001,110.300003,108.010002,109.400002,101.154572,52282600
11/4/14,109.360001,109.489998,107.720001,108.599998,100.414879,41574400
11/5/14,109.099998,109.300003,108.129997,108.860001,100.655266,37435900
11/6/14,108.599998,108.790001,107.800003,108.699997,100.94313,34968500
11/7/14,108.75,109.32,108.550003,109.010002,101.23101,33691500
11/10/14,109.019997,109.330002,108.669998,108.830002,101.063866,27195500
11/11/14,108.699997,109.75,108.400002,109.699997,101.87178,27442300
11/12/14,109.379997,111.43,109.370003,111.25,103.311195,46942400
11/13/14,111.800003,113.449997,111.599998,112.82,104.769142,59522900
11/14/14,113.150002,114.190002,111.209999,114.18,106.032097,44063600
11/17/14,114.269997,117.279999,113.300003,113.989998,105.855652,46746700
11/18/14,113.940002,115.690002,113.889999,115.470001,107.230049,44224000
11/19/14,115.440002,115.739998,113.800003,114.669998,106.487114,41869200
11/20/14,114.910004,116.860001,114.849998,116.309998,108.010109,43395500
11/21/14,117.510002,117.57,116.029999,116.470001,108.158691,57179300
11/24/14,116.849998,118.769997,116.620003,118.629997,110.164543,47450800
11/25/14,119.07,119.75,117.449997,117.599998,109.208054,68840400
11/26/14,117.940002,119.099998,117.830002,119,110.508148,40768300
11/28/14,119.269997,119.400002,118.050003,118.93,110.443123,24814400
12/1/14,118.809998,119.25,111.269997,115.07,106.858582,83814000
12/2/14,113.5,115.75,112.75,114.629997,106.449982,59348900
12/3/14,115.75,116.349998,115.110001,115.93,107.657219,43063400
12/4/14,115.769997,117.199997,115.290001,115.489998,107.248604,42044500
12/5/14,115.989998,116.080002,114.639999,115,106.793579,38318900
12/8/14,114.099998,114.650002,111.620003,112.400002,104.379112,57664900
12/9/14,110.190002,114.300003,109.349998,114.120003,105.976402,60208000
12/10/14,114.410004,114.849998,111.540001,111.949997,103.961235,44565300
12/11/14,112.260002,113.800003,111.339996,111.620003,103.654778,41401700
12/12/14,110.459999,111.870003,109.580002,109.730003,101.899651,56028100
12/15/14,110.699997,111.599998,106.349998,108.230003,100.506699,67218100
12/16/14,106.370003,110.160004,106.260002,106.75,99.132278,60790700
12/17/14,107.120003,109.839996,106.82,109.410004,101.602486,53411800
12/18/14,111.870003,112.650002,110.660004,112.650002,104.611275,59006200
12/19/14,112.260002,113.239998,111.660004,111.779999,103.803352,88429800
12/22/14,112.160004,113.489998,111.970001,112.940002,104.880577,45167500
12/23/14,113.230003,113.330002,112.459999,112.540001,104.509132,26028400
12/24/14,112.580002,112.709999,112.010002,112.010002,104.016945,14479600
12/26/14,112.099998,114.519997,112.010002,113.989998,105.855652,33721000
12/29/14,113.790001,114.769997,113.699997,113.910004,105.781364,27598900
12/30/14,113.639999,113.919998,112.110001,112.519997,104.490555,29881500
12/31/14,112.82,113.129997,110.209999,110.379997,102.503265,41403400
1/2/15,111.389999,111.440002,107.349998,109.330002,101.528191,53204600
1/5/15,108.290001,108.650002,105.410004,106.25,98.667984,64285500
1/6/15,106.540001,107.43,104.629997,106.260002,98.677261,65797100
1/7/15,107.199997,108.199997,106.699997,107.75,100.060936,40105900
1/8/15,109.230003,112.150002,108.699997,111.889999,103.90551,59364500
1/9/15,112.669998,113.25,110.209999,112.010002,104.016945,53699500
1/12/15,112.599998,112.629997,108.800003,109.25,101.453903,49650800
1/13/15,111.43,112.800003,108.910004,110.220001,102.354675,67091900
1/14/15,109.040001,110.489998,108.5,109.800003,101.964645,48337000
1/15/15,110,110.059998,106.660004,106.82,99.197289,60014000
1/16/15,107.029999,107.580002,105.199997,105.989998,98.426529,78513300
1/20/15,107.839996,108.970001,106.5,108.720001,100.961716,49899900
1/21/15,108.949997,111.059998,108.269997,109.550003,101.732506,48575900
1/22/15,110.260002,112.470001,109.720001,112.400002,104.379112,53796400
1/23/15,112.300003,113.75,111.529999,112.980003,104.917725,46464800
1/26/15,113.739998,114.360001,112.800003,113.099998,105.029175,55615000
1/27/15,112.419998,112.480003,109.029999,109.139999,101.351738,95568700
1/28/15,117.629997,118.120003,115.309998,115.309998,107.081474,146477100
1/29/15,116.32,119.190002,115.559998,118.900002,110.415276,84436400
1/30/15,118.400002,120,116.849998,117.160004,108.799446,83745500
2/2/15,118.050003,119.169998,116.080002,118.629997,110.164543,62739100
2/3/15,118.5,119.089996,117.610001,118.650002,110.183121,51915700
2/4/15,118.5,120.510002,118.309998,119.559998,111.028168,70149700
2/5/15,120.019997,120.230003,119.25,119.940002,111.820625,42246200
2/6/15,120.019997,120.25,118.449997,118.93,110.879021,43706600
2/9/15,118.550003,119.839996,118.43,119.720001,111.615524,38889800
2/10/15,120.169998,122.150002,120.160004,122.019997,113.759834,62008500
2/11/15,122.769997,124.919998,122.5,124.879997,116.426216,73561800
2/12/15,126.059998,127.480003,125.57,126.459999,117.899254,74474500
2/13/15,127.279999,127.279999,125.650002,127.080002,118.477295,54272200
2/17/15,127.489998,128.880005,126.919998,127.830002,119.176529,63152400
2/18/15,127.629997,128.779999,127.449997,128.720001,120.006287,44891700
2/19/15,128.479996,129.029999,128.330002,128.449997,119.754547,37362400
2/20/15,128.619995,129.5,128.050003,129.5,120.733452,48948400
2/23/15,130.020004,133,129.660004,133,123.996544,70974100
2/24/15,132.940002,133.600006,131.169998,132.169998,123.22274,69228100
2/25/15,131.559998,131.600006,128.149994,128.789993,120.071518,74711700
2/26/15,128.789993,130.869995,126.610001,130.419998,121.591179,91287500
2/27/15,130,130.570007,128.240005,128.460007,119.763885,62014800
3/2/15,129.25,130.279999,128.300003,129.089996,120.351219,48096700
3/3/15,128.960007,129.520004,128.089996,129.360001,120.602966,37816300
3/4/15,129.100006,129.559998,128.320007,128.539993,119.838455,31666300
3/5/15,128.580002,128.75,125.760002,126.410004,117.852661,56517100
3/6/15,128.399994,129.369995,126.260002,126.599998,118.029785,72842100
3/9/15,127.959999,129.570007,125.059998,127.139999,118.533218,88528500
3/10/15,126.410004,127.220001,123.800003,124.510002,116.081268,68856600
3/11/15,124.75,124.769997,122.110001,122.239998,113.964943,68939000
3/12/15,122.309998,124.900002,121.629997,124.449997,116.02533,48362700
3/13/15,124.400002,125.400002,122.580002,123.589996,115.223557,51827300
3/16/15,123.879997,124.949997,122.870003,124.949997,116.491478,35874300
3/17/15,125.900002,127.32,125.650002,127.040001,118.43998,51023100
3/18/15,127,129.160004,126.370003,128.470001,119.773201,65270900
3/19/15,128.75,129.25,127.400002,127.5,118.868874,45809500
3/20/15,128.25,128.399994,125.160004,125.900002,117.377174,68695100
3/23/15,127.120003,127.849998,126.519997,127.209999,118.598503,37709700
3/24/15,127.230003,128.039993,126.559998,126.690002,118.113708,32842300
3/25/15,126.540001,126.82,123.379997,123.379997,115.027771,51655200
3/26/15,122.760002,124.879997,122.599998,124.239998,115.829559,47572900
3/27/15,124.57,124.699997,122.910004,123.25,114.906578,39546200
3/30/15,124.050003,126.400002,124,126.370003,117.815361,47099700
3/31/15,126.089996,126.489998,124.360001,124.43,116.006676,42090600
4/1/15,124.82,125.120003,123.099998,124.25,115.83886,40621400
4/2/15,125.029999,125.559998,124.190002,125.32,116.836441,32220100
4/6/15,124.470001,127.510002,124.330002,127.349998,118.729012,37194000
4/7/15,127.639999,128.119995,125.980003,126.010002,117.479729,35012300
4/8/15,125.849998,126.400002,124.970001,125.599998,117.097473,37329200
4/9/15,125.849998,126.580002,124.660004,126.559998,117.992477,32484000
4/10/15,125.949997,127.209999,125.260002,127.099998,118.495934,40188000
4/13/15,128.369995,128.570007,126.610001,126.849998,118.262863,36365100
4/14/15,127,127.290001,125.910004,126.300003,117.750107,25524600
4/15/15,126.410004,127.129997,126.010002,126.779999,118.197601,28970400
4/16/15,126.279999,127.099998,126.110001,126.169998,117.628891,28369000
4/17/15,125.550003,126.139999,124.459999,124.75,116.305008,51957000
4/20/15,125.57,128.119995,125.169998,127.599998,118.962082,47054300
4/21/15,128.100006,128.199997,126.669998,126.910004,118.318817,32435100
4/22/15,126.989998,128.869995,126.32,128.619995,119.913033,37654500
4/23/15,128.300003,130.419998,128.139999,129.669998,120.891975,45770900
4/24/15,130.490005,130.630005,129.229996,130.279999,121.460663,44525900
4/27/15,132.309998,133.130005,131.149994,132.649994,123.670227,96954200
4/28/15,134.460007,134.539993,129.570007,130.559998,121.721718,118924000
4/29/15,130.160004,131.589996,128.300003,128.639999,119.931686,63386100
4/30/15,128.639999,128.639999,124.580002,125.150002,116.677956,83195400
5/1/15,126.099998,130.130005,125.300003,128.949997,120.220688,58512600
5/4/15,129.5,130.570007,128.259995,128.699997,119.987633,50988300
5/5/15,128.149994,128.449997,125.779999,125.800003,117.283951,49271400
5/6/15,126.559998,126.75,123.360001,125.010002,116.547424,72141000
5/7/15,124.769997,126.080002,124.019997,125.260002,117.268303,43940900
5/8/15,126.68,127.620003,126.110001,127.620003,119.477737,55550400
5/11/15,127.389999,127.559998,125.629997,126.32,118.260674,42035800
5/12/15,125.599998,126.879997,124.82,125.870003,117.839386,48160000
5/13/15,126.150002,127.190002,125.870003,126.010002,117.970436,34694200
5/14/15,127.410004,128.949997,127.160004,128.949997,120.72287,45203500
5/15/15,129.070007,129.490005,128.210007,128.770004,120.554352,38208000
5/18/15,128.380005,130.720001,128.360001,130.190002,121.883774,50882900
5/19/15,130.690002,130.880005,129.639999,130.070007,121.771431,44633200
5/20/15,130,130.979996,129.339996,130.059998,121.762047,36454900
5/21/15,130.070007,131.630005,129.830002,131.389999,123.007195,39730400
5/22/15,131.600006,132.970001,131.399994,132.539993,124.083832,45596000
5/26/15,132.600006,132.910004,129.119995,129.619995,121.350128,70697600
5/27/15,130.339996,132.259995,130.050003,132.039993,123.615738,45833200
5/28/15,131.860001,131.949997,131.100006,131.779999,123.372292,30733300
5/29/15,131.229996,131.449997,129.899994,130.279999,121.96801,50884500
6/1/15,130.279999,131.389999,130.050003,130.539993,122.211426,32112800
6/2/15,129.860001,130.660004,129.320007,129.960007,121.668449,33667600
6/3/15,130.660004,130.940002,129.899994,130.119995,121.81823,30889400
6/4/15,129.580002,130.580002,128.910004,129.360001,121.106728,38450100
6/5/15,129.5,129.690002,128.360001,128.649994,120.442009,35626800
6/8/15,128.899994,129.210007,126.830002,127.800003,119.64624,52674800
6/9/15,126.699997,128.080002,125.620003,127.419998,119.290497,56075400
6/10/15,127.919998,129.339996,127.849998,128.880005,120.657349,39087300
6/11/15,129.179993,130.179993,128.479996,128.589996,120.385834,35390900
6/12/15,128.190002,128.330002,127.110001,127.169998,119.056442,36886200
6/15/15,126.099998,127.239998,125.709999,126.919998,118.822388,43988900
6/16/15,127.029999,127.849998,126.370003,127.599998,119.459007,31494100
6/17/15,127.720001,127.879997,126.739998,127.300003,119.178154,32918100
6/18/15,127.230003,128.309998,127.220001,127.879997,119.72113,35407200
6/19/15,127.709999,127.82,126.400002,126.599998,118.522812,54716900
6/22/15,127.489998,128.059998,127.080002,127.610001,119.468369,34039300
6/23/15,127.480003,127.610001,126.879997,127.029999,118.925377,30268900
6/24/15,127.209999,129.800003,127.120003,128.110001,119.936462,55280900
6/25/15,128.860001,129.199997,127.5,127.5,119.365395,31938100
6/26/15,127.669998,127.989998,126.510002,126.75,118.663246,44066800
6/29/15,125.459999,126.470001,124.480003,124.529999,116.584877,49161400
6/30/15,125.57,126.120003,124.860001,125.43,117.427444,44370700
7/1/15,126.900002,126.940002,125.989998,126.599998,118.522812,30238800
7/2/15,126.43,126.690002,125.769997,126.440002,118.373024,27211000
7/6/15,124.940002,126.230003,124.849998,126,117.96109,28060400
7/7/15,125.889999,126.150002,123.769997,125.690002,117.67086,46946800
7/8/15,124.480003,124.639999,122.540001,122.57,114.749931,60761600
7/9/15,123.849998,124.059998,119.220001,120.07,112.409424,77821600
7/10/15,121.940002,123.849998,121.209999,123.279999,115.414635,61354500
7/13/15,125.029999,125.760002,124.32,125.660004,117.642792,41440500
7/14/15,126.040001,126.370003,125.040001,125.610001,117.59597,31768100
7/15/15,125.720001,127.150002,125.580002,126.82,118.728775,33649200
7/16/15,127.739998,128.570007,127.349998,128.509995,120.310944,36222400
7/17/15,129.080002,129.619995,128.309998,129.619995,121.350128,46164700
7/20/15,130.970001,132.970001,130.699997,132.070007,123.643814,58900200
7/21/15,132.850006,132.919998,130.320007,130.75,122.408051,76756400
7/22/15,121.989998,125.5,121.989998,125.220001,117.230843,115450600
7/23/15,126.199997,127.089996,125.059998,125.160004,117.174683,50999500
7/24/15,125.32,125.739998,123.900002,124.5,116.55677,42162300
7/27/15,123.089996,123.610001,122.120003,122.769997,114.937164,44455500
7/28/15,123.379997,123.910004,122.550003,123.379997,115.50824,33618100
7/29/15,123.150002,123.5,122.269997,122.989998,115.143105,37011700
7/30/15,122.32,122.57,121.709999,122.370003,114.562675,33628300
7/31/15,122.599998,122.639999,120.910004,121.300003,113.560951,42885000
8/3/15,121.5,122.57,117.519997,118.440002,110.883423,69976000
8/4/15,117.419998,117.699997,113.25,114.639999,107.325867,124138600
8/5/15,112.949997,117.440002,112.099998,115.400002,108.037392,99312600
8/6/15,115.970001,116.5,114.120003,115.129997,108.272476,52903000
8/7/15,114.580002,116.25,114.5,115.519997,108.639252,38670400
8/10/15,116.529999,119.989998,116.529999,119.720001,112.589096,54951600
8/11/15,117.809998,118.18,113.330002,113.489998,106.730148,97082800
8/12/15,112.529999,115.419998,109.629997,115.239998,108.375923,101217500
8/13/15,116.040001,116.400002,114.540001,115.150002,108.291283,48535800
8/14/15,114.32,116.309998,114.010002,115.959999,109.053047,42929500
8/17/15,116.040001,117.650002,115.5,117.160004,110.181572,40884700
8/18/15,116.43,117.440002,116.010002,116.5,109.560883,34560700
8/19/15,116.099998,116.519997,114.68,115.010002,108.159637,47445700
8/20/15,114.080002,114.349998,111.629997,112.650002,105.940208,68501600
8/21/15,110.43,111.900002,105.650002,105.760002,99.460594,128275500
8/24/15,94.870003,108.800003,92,103.120003,96.977837,162206300
8/25/15,111.110001,111.110001,103.5,103.739998,97.560921,103601600
8/26/15,107.089996,109.889999,105.050003,109.690002,103.156509,96774600
8/27/15,112.230003,113.239998,110.019997,112.919998,106.194115,84616100
8/28/15,112.169998,113.309998,111.540001,113.290001,106.542068,53164400
8/31/15,112.029999,114.529999,112,112.760002,106.043655,56229300
9/1/15,110.150002,111.879997,107.360001,107.720001,101.303864,76845900
9/2/15,110.230003,112.339996,109.129997,112.339996,105.648659,61888800
9/3/15,112.489998,112.779999,110.040001,110.370003,103.795998,53233900
9/4/15,108.970001,110.449997,108.510002,109.269997,102.761513,49996300
9/8/15,111.75,112.559998,110.32,112.309998,105.620468,54843600
9/9/15,113.760002,114.019997,109.769997,110.150002,103.589111,85010800
9/10/15,110.269997,113.279999,109.900002,112.57,105.864967,62892800
9/11/15,111.790001,114.209999,111.760002,114.209999,107.407288,49915500
9/14/15,116.580002,116.889999,114.860001,115.309998,108.441757,58363400
9/15/15,115.93,116.529999,114.419998,116.279999,109.353989,43341200
9/16/15,116.25,116.540001,115.440002,116.410004,109.476234,37173500
9/17/15,115.660004,116.489998,113.720001,113.919998,107.13456,64112600
9/18/15,112.209999,114.300003,111.870003,113.449997,106.692566,74285300
9/21/15,113.669998,115.370003,113.660004,115.209999,108.347717,50222000
9/22/15,113.379997,114.18,112.519997,113.400002,106.645523,50346200
9/23/15,113.629997,114.720001,113.300003,114.32,107.510735,35756700
9/24/15,113.25,115.5,112.370003,115,108.150215,50219500
9/25/15,116.440002,116.690002,114.019997,114.709999,107.877502,56151900
9/28/15,113.849998,114.57,112.440002,112.440002,105.742714,52109000
9/29/15,112.830002,113.510002,107.860001,109.059998,102.564018,73365400
9/30/15,110.169998,111.540001,108.730003,110.300003,103.730179,66473000
10/1/15,109.07,109.620003,107.309998,109.580002,103.053055,63929100
10/2/15,108.010002,111.010002,107.550003,110.379997,103.80542,58019800
10/5/15,109.879997,111.370003,109.07,110.779999,104.18158,52064700
10/6/15,110.629997,111.739998,109.769997,111.309998,104.68,48196800
10/7/15,111.739998,111.769997,109.410004,110.779999,104.18158,46765600
10/8/15,110.190002,110.190002,108.209999,109.5,102.977829,61979600
10/9/15,110,112.279999,109.489998,112.120003,105.441765,52766100
10/12/15,112.730003,112.75,111.440002,111.599998,104.952744,30467200
10/13/15,110.82,112.449997,110.68,111.790001,105.131416,33049300
10/14/15,111.290001,111.519997,109.559998,110.209999,103.645531,44462400
10/15/15,110.93,112.099998,110.489998,111.860001,105.19725,37673500
10/16/15,111.779999,112,110.529999,111.040001,104.426094,39232600
10/19/15,110.800003,111.75,110.110001,111.730003,105.075005,29759200
10/20/15,111.339996,114.169998,110.82,113.769997,106.993484,48778800
10/21/15,114,115.580002,113.699997,113.760002,106.984085,41795200
10/22/15,114.330002,115.5,114.099998,115.5,108.620453,41654100
10/23/15,116.699997,119.230003,116.330002,119.080002,111.987206,59366900
10/26/15,118.080002,118.129997,114.919998,115.279999,108.413551,66333800
10/27/15,115.400002,116.540001,113.989998,114.550003,107.727036,69884400
10/28/15,116.93,119.300003,116.059998,119.269997,112.165871,85551400
10/29/15,118.699997,120.690002,118.269997,120.529999,113.350861,51227300
10/30/15,120.989998,121.220001,119.449997,119.5,112.382195,49365300
11/2/15,120.800003,121.360001,119.610001,121.18,113.96212,32203300
11/3/15,120.790001,123.489998,120.699997,122.57,115.269333,45519000
11/4/15,123.129997,123.82,121.620003,122,114.733292,44886100
11/5/15,121.849998,122.690002,120.18,120.919998,114.204384,39552700
11/6/15,121.110001,121.809998,120.620003,121.059998,114.336601,33042300
11/9/15,120.959999,121.809998,120.050003,120.57,113.873817,33871400
11/10/15,116.900002,118.07,116.059998,116.769997,110.284859,59127900
11/11/15,116.370003,117.419998,115.209999,116.110001,109.661514,45218000
11/12/15,116.260002,116.82,115.650002,115.720001,109.29319,32525600
11/13/15,115.199997,115.57,112.269997,112.339996,106.100891,45812400
11/16/15,111.379997,114.239998,111,114.18,107.838699,38106700
11/17/15,114.919998,115.050003,113.32,113.690002,107.375931,27616900
11/18/15,115.760002,117.489998,115.5,117.290001,110.775986,46674700
11/19/15,117.639999,119.75,116.760002,118.779999,112.183243,43295800
11/20/15,119.199997,119.919998,118.849998,119.300003,112.674355,34287100
11/23/15,119.269997,119.730003,117.339996,117.75,111.210442,32482500
11/24/15,117.330002,119.349998,117.120003,118.879997,112.277687,42803200
11/25/15,119.209999,119.230003,117.919998,118.029999,111.474892,21388300
11/27/15,118.290001,118.410004,117.599998,117.809998,111.267105,13046400
11/30/15,117.989998,119.410004,117.75,118.300003,111.729889,39180300
12/1/15,118.75,118.809998,116.860001,117.339996,110.823204,34852400
12/2/15,117.339996,118.110001,116.080002,116.279999,109.822075,33386600
12/3/15,116.550003,116.790001,114.220001,115.199997,108.802063,41569500
12/4/15,115.290001,119.25,115.110001,119.029999,112.419334,57777000
12/7/15,118.980003,119.860001,117.809998,118.279999,111.710999,32084200
12/8/15,117.519997,118.599998,116.860001,118.230003,111.663773,34309500
12/9/15,117.639999,117.690002,115.080002,115.620003,109.198723,46361400
12/10/15,116.040001,116.940002,115.510002,116.169998,109.718185,29104200
12/11/15,115.190002,115.389999,112.849998,113.18,106.894241,46886200
12/14/15,112.18,112.68,109.790001,112.480003,106.233116,64318700
12/15/15,111.940002,112.800003,110.349998,110.489998,104.353638,53323100
12/16/15,111.07,111.989998,108.800003,111.339996,105.156433,56238500
12/17/15,112.019997,112.25,108.980003,108.980003,102.927505,44772800
12/18/15,108.910004,109.519997,105.809998,106.029999,100.141335,96453300
12/21/15,107.279999,107.370003,105.57,107.330002,101.369141,47590600
12/22/15,107.400002,107.720001,106.449997,107.230003,101.274696,32789400
12/23/15,107.269997,108.849998,107.199997,108.610001,102.578056,32657400
12/24/15,109,109,107.949997,108.029999,102.030258,13570400
12/28/15,107.589996,107.690002,106.18,106.82,100.887466,26704200
12/29/15,106.959999,109.43,106.860001,108.739998,102.700844,30931200
12/30/15,108.580002,108.699997,107.18,107.32,101.359718,25213800
12/31/15,107.010002,107.029999,104.82,105.260002,99.414101,40635300
1/4/16,102.610001,105.370003,102,105.349998,99.499107,67649400
1/5/16,105.75,105.849998,102.410004,102.709999,97.00573,55791000
1/6/16,100.559998,102.370003,99.870003,100.699997,95.107361,68457400
1/7/16,98.68,100.129997,96.43,96.449997,91.093399,81094400
1/8/16,98.550003,99.110001,96.760002,96.959999,91.575073,70798000
1/11/16,98.970001,99.059998,97.339996,98.529999,93.057869,49739400
1/12/16,100.550003,100.690002,98.839996,99.959999,94.408447,49154200
1/13/16,100.32,101.190002,97.300003,97.389999,91.981194,62439600
1/14/16,97.959999,100.480003,95.739998,99.519997,93.992889,63170100
1/15/16,96.199997,97.709999,95.360001,97.129997,91.735634,79010000
1/19/16,98.410004,98.650002,95.5,96.660004,91.291718,53087700
1/20/16,95.099998,98.190002,93.419998,96.790001,91.41452,72334400
1/21/16,97.059998,97.879997,94.940002,96.300003,90.951736,52161500
1/22/16,98.629997,101.459999,98.370003,101.419998,95.787369,65800500
1/25/16,101.519997,101.529999,99.209999,99.440002,93.917336,51794500
1/26/16,99.93,100.879997,98.07,99.989998,94.43679,75077000
1/27/16,96.040001,96.629997,93.339996,93.419998,88.231659,133369700
1/28/16,93.790001,94.519997,92.389999,94.089996,88.864449,55678800
1/29/16,94.790001,97.339996,94.349998,97.339996,91.93396,64416500
2/1/16,96.470001,96.709999,95.400002,96.43,91.074501,40943500
2/2/16,95.419998,96.040001,94.279999,94.480003,89.232796,37357200
2/3/16,95,96.839996,94.080002,96.349998,90.998932,45964300
2/4/16,95.860001,97.330002,95.190002,96.599998,91.73011,46471700
2/5/16,96.519997,96.919998,93.690002,94.019997,89.28019,46418100
2/8/16,93.129997,95.699997,93.040001,95.010002,90.220276,54021400
2/9/16,94.290001,95.940002,93.93,94.989998,90.201294,44331200
2/10/16,95.919998,96.349998,94.099998,94.269997,89.517586,42343600
2/11/16,93.790001,94.720001,92.589996,93.699997,88.976318,50074700
2/12/16,94.190002,94.5,93.010002,93.989998,89.251686,40351400
2/16/16,95.019997,96.849998,94.610001,96.639999,91.768089,49057900
2/17/16,96.669998,98.209999,96.150002,98.120003,93.173508,44863200
2/18/16,98.839996,98.889999,96.089996,96.260002,91.407272,39021000
2/19/16,96,96.760002,95.800003,96.040001,91.198341,35374200
2/22/16,96.309998,96.900002,95.919998,96.879997,91.995995,34280800
2/23/16,96.400002,96.5,94.550003,94.690002,89.91642,31942600
2/24/16,93.980003,96.379997,93.32,96.099998,91.255333,36255700
2/25/16,96.050003,96.760002,95.25,96.760002,91.882057,27582700
2/26/16,97.199997,98.019997,96.580002,96.910004,92.02449,28991100
2/29/16,96.860001,98.230003,96.650002,96.690002,91.815598,35216300
3/1/16,97.650002,100.769997,97.419998,100.529999,95.461998,50407100
3/2/16,100.510002,100.889999,99.639999,100.75,95.670914,33169600
3/3/16,100.580002,101.709999,100.449997,101.5,96.383095,36955700
3/4/16,102.370003,103.75,101.370003,103.010002,97.816986,46055100
3/7/16,102.389999,102.830002,100.959999,101.870003,96.734444,35828900
3/8/16,100.779999,101.760002,100.400002,101.029999,95.936798,31561900
3/9/16,101.309998,101.580002,100.269997,101.120003,96.022263,27201700
3/10/16,101.410004,102.239998,100.150002,101.169998,96.069733,33513600
3/11/16,102.239998,102.279999,101.5,102.260002,97.104797,27408200
3/14/16,101.910004,102.910004,101.779999,102.519997,97.351677,25076100
3/15/16,103.959999,105.18,103.849998,104.580002,99.307831,40067700
3/16/16,104.610001,106.309998,104.589996,105.970001,100.627762,38303500
3/17/16,105.519997,106.470001,104.959999,105.800003,100.466324,34420700
3/18/16,106.339996,106.5,105.190002,105.919998,100.580276,44205200
3/21/16,105.93,107.650002,105.139999,105.910004,100.570778,35502700
3/22/16,105.25,107.290001,105.209999,106.720001,101.339943,32444400
3/23/16,106.480003,107.07,105.900002,106.129997,100.779694,25703500
3/24/16,105.470001,106.25,104.889999,105.669998,100.342873,26133000
3/28/16,106,106.190002,105.059998,105.190002,99.887093,19411400
3/29/16,104.889999,107.790001,104.879997,107.68,102.251556,31190100
3/30/16,108.650002,110.419998,108.599998,109.559998,104.036758,45601100
3/31/16,109.720001,109.900002,108.879997,108.989998,103.495514,25888400
4/1/16,108.779999,110,108.199997,109.989998,104.445091,25874000
4/4/16,110.419998,112.190002,110.269997,111.120003,105.518127,37356200
4/5/16,109.510002,110.730003,109.419998,109.809998,104.274162,26578700
4/6/16,110.230003,110.980003,109.199997,110.959999,105.366203,26404100
4/7/16,109.949997,110.419998,108.120003,108.540001,103.068192,31801900
4/8/16,108.910004,109.769997,108.169998,108.660004,103.182144,23581700
4/11/16,108.970001,110.610001,108.830002,109.019997,103.523987,29407500
4/12/16,109.339996,110.5,108.660004,110.440002,104.872406,27232300
4/13/16,110.800003,112.339996,110.800003,112.040001,106.391754,33257300
4/14/16,111.620003,112.389999,111.330002,112.099998,106.448715,25473900
4/15/16,112.110001,112.300003,109.730003,109.849998,104.312149,46939000
4/18/16,108.889999,108.949997,106.940002,107.480003,102.061638,60834000
4/19/16,107.879997,108,106.230003,106.910004,101.52037,32384900
4/20/16,106.639999,108.089996,106.059998,107.129997,101.729279,30611000
4/21/16,106.93,106.93,105.519997,105.970001,100.627762,31552500
4/22/16,105.010002,106.480003,104.620003,105.68,100.352371,33683100
4/25/16,105,105.650002,104.510002,105.080002,99.782631,28031600
4/26/16,103.910004,105.300003,103.910004,104.349998,99.089409,56016200
4/27/16,96,98.709999,95.68,97.82,92.888634,114602100
4/28/16,97.610001,97.879997,94.25,94.830002,90.049362,82242700
4/29/16,93.989998,94.720001,92.510002,93.739998,89.014297,68531500
5/2/16,93.970001,94.080002,92.400002,93.639999,88.919334,48160100
5/3/16,94.199997,95.739998,93.68,95.18,90.381714,56831300
5/4/16,95.199997,95.900002,93.82,94.190002,89.441612,41025500
5/5/16,94,94.07,92.68,93.239998,89.078583,35890500
5/6/16,93.370003,93.449997,91.849998,92.720001,88.581795,43458200
5/9/16,93,93.769997,92.589996,92.790001,88.648651,32936400
5/10/16,93.330002,93.57,92.110001,93.419998,89.250542,33686800
5/11/16,93.480003,93.57,92.459999,92.510002,88.381157,28719100
5/12/16,92.720001,92.779999,89.470001,90.339996,86.308014,76314700
5/13/16,90,91.669998,90,90.519997,86.479965,44392800
5/16/16,92.389999,94.389999,91.650002,93.879997,89.690018,61259800
5/17/16,94.550003,94.699997,93.010002,93.489998,89.317413,46916900
5/18/16,94.160004,95.209999,93.889999,94.559998,90.339684,42062400
5/19/16,94.639999,94.639999,93.57,94.199997,89.995728,30442100
5/20/16,94.639999,95.43,94.519997,95.220001,90.970207,32026000
5/23/16,95.870003,97.190002,95.669998,96.43,92.126205,38018600
5/24/16,97.220001,98.089996,96.839996,97.900002,93.530609,35140200
5/25/16,98.669998,99.739998,98.110001,99.620003,95.173828,38168800
5/26/16,99.68,100.730003,98.639999,100.410004,95.928566,56331200
5/27/16,99.440002,100.470001,99.25,100.349998,95.871239,36229500
5/31/16,99.599998,100.400002,98.82,99.860001,95.403122,42307200
6/1/16,99.019997,99.540001,98.330002,98.459999,94.065598,29173300
6/2/16,97.599998,97.839996,96.629997,97.720001,93.358643,40191600
6/3/16,97.790001,98.269997,97.449997,97.919998,93.549706,28062900
6/6/16,97.989998,101.889999,97.550003,98.629997,94.228004,23292500
6/7/16,99.25,99.870003,98.959999,99.029999,94.610161,22409500
6/8/16,99.019997,99.559998,98.68,98.940002,94.524185,20848100
6/9/16,98.5,99.989998,98.459999,99.650002,95.202492,26601400
6/10/16,98.529999,99.349998,98.480003,98.830002,94.419098,31712900
6/13/16,98.690002,99.120003,97.099998,97.339996,92.995583,38020500
6/14/16,97.32,98.480003,96.75,97.459999,93.110229,31931900
6/15/16,97.82,98.410004,97.029999,97.139999,92.80452,29445200
6/16/16,96.449997,97.75,96.07,97.550003,93.196228,31326800
6/17/16,96.620003,96.650002,95.300003,95.330002,91.075302,61008200
6/20/16,96,96.57,95.029999,95.099998,90.85556,34411900
6/21/16,94.940002,96.349998,94.68,95.910004,91.629425,35546400
6/22/16,96.25,96.889999,95.349998,95.550003,91.285477,29219100
6/23/16,95.940002,96.290001,95.25,96.099998,91.810951,32240200
6/24/16,92.910004,94.660004,92.650002,93.400002,89.231445,75311400
6/27/16,93,93.050003,91.5,92.040001,87.932129,45489600
6/28/16,92.900002,93.660004,92.139999,93.589996,89.412949,40444900
6/29/16,93.970001,94.550003,93.629997,94.400002,90.186806,36531000
6/30/16,94.440002,95.769997,94.300003,95.599998,91.333252,35836400
7/1/16,95.489998,96.470001,95.330002,95.889999,91.610306,26026500
7/5/16,95.389999,95.400002,94.459999,94.989998,90.750465,27705200
7/6/16,94.599998,95.660004,94.370003,95.529999,91.26638,30949100
7/7/16,95.699997,96.5,95.620003,95.940002,91.658073,25139600
7/8/16,96.489998,96.889999,96.050003,96.68,92.365028,28912100
7/11/16,96.75,97.650002,96.730003,96.980003,92.651665,23794900
7/12/16,97.169998,97.699997,97.120003,97.419998,93.072037,24167500
7/13/16,97.410004,97.669998,96.839996,96.870003,92.546562,25892200
7/14/16,97.389999,98.989998,97.32,98.790001,94.380875,38919000
7/15/16,98.919998,99.300003,98.5,98.779999,94.371315,30137000
7/18/16,98.699997,100.129997,98.599998,99.830002,95.374451,36493900
7/19/16,99.559998,100,99.339996,99.870003,95.412666,23779900
7/20/16,100,100.459999,99.739998,99.959999,95.498657,26276000
7/21/16,99.830002,101,99.129997,99.43,94.99231,32702000
7/22/16,99.260002,99.300003,98.309998,98.660004,94.256683,28313700
7/25/16,98.25,98.839996,96.919998,97.339996,92.995583,40382900
7/26/16,96.82,97.970001,96.419998,96.669998,92.355492,56239800
7/27/16,104.269997,104.349998,102.75,102.949997,98.355217,92344800
7/28/16,102.830002,104.449997,102.82,104.339996,99.683159,39869800
7/29/16,104.190002,104.550003,103.68,104.209999,99.558975,27733700
8/1/16,104.410004,106.150002,104.410004,106.050003,101.316849,38167900
8/2/16,106.050003,106.07,104,104.480003,99.816925,33816600
8/3/16,104.809998,105.839996,104.769997,105.790001,101.068451,30202600
8/4/16,105.580002,106,105.279999,105.870003,101.692818,27408700
8/5/16,106.269997,107.650002,106.18,107.480003,103.239288,40553400
8/8/16,107.519997,108.370003,107.160004,108.370003,104.094177,28037200
8/9/16,108.230003,108.940002,108.010002,108.809998,104.516815,26315200
8/10/16,108.709999,108.900002,107.760002,108,103.738762,24008500
8/11/16,108.519997,108.93,107.849998,107.93,103.671532,27484500
8/12/16,107.779999,108.440002,107.779999,108.18,103.911659,18660400
8/15/16,108.139999,109.540001,108.080002,109.480003,105.160378,25868200
8/16/16,109.629997,110.230003,109.209999,109.379997,105.064316,33794400
8/17/16,109.099998,109.370003,108.339996,109.220001,104.910622,25356000
8/18/16,109.230003,109.599998,109.019997,109.080002,104.776161,21984700
8/19/16,108.769997,109.690002,108.360001,109.360001,105.045113,25368100
8/22/16,108.860001,109.099998,107.849998,108.510002,104.228661,25820200
8/23/16,108.589996,109.32,108.529999,108.849998,104.555229,21257700
8/24/16,108.57,108.75,107.68,108.029999,103.767593,23675100
8/25/16,107.389999,107.879997,106.68,107.57,103.325737,25086200
8/26/16,107.410004,107.949997,106.309998,106.940002,102.720581,27766300
8/29/16,106.620003,107.440002,106.290001,106.82,102.605331,24970300
8/30/16,105.800003,106.5,105.5,106,101.817673,24863900
8/31/16,105.660004,106.57,105.639999,106.099998,101.913734,29662400
9/1/16,106.139999,106.800003,105.620003,106.730003,102.518875,26701500
9/2/16,107.699997,108,106.82,107.730003,103.479424,26802500
9/6/16,107.900002,108.300003,107.510002,107.699997,103.450592,26880400
9/7/16,107.830002,108.760002,107.07,108.360001,104.084557,42364300
9/8/16,107.25,107.269997,105.239998,105.519997,101.356606,53002000
9/9/16,104.639999,105.720001,103.129997,103.129997,99.060921,46557000
9/12/16,102.650002,105.720001,102.529999,105.440002,101.27977,45292800
9/13/16,107.510002,108.790001,107.239998,107.949997,103.690727,62176200
9/14/16,108.730003,113.029999,108.599998,111.769997,107.360023,110888700
9/15/16,113.860001,115.730003,113.489998,115.57,111.010086,89983600
9/16/16,115.120003,116.129997,114.040001,114.919998,110.385735,79886900
9/19/16,115.190002,116.18,113.25,113.580002,109.098602,47023000
9/20/16,113.050003,114.120003,112.510002,113.57,109.088982,34514300
9/21/16,113.849998,113.989998,112.440002,113.550003,109.069778,36003200
9/22/16,114.349998,114.940002,114,114.620003,110.097565,31074000
9/23/16,114.419998,114.790001,111.550003,112.709999,108.262924,52481200
9/26/16,111.639999,113.389999,111.550003,112.879997,108.426224,29869400
9/27/16,113,113.18,112.339996,113.089996,108.627937,24607400
9/28/16,113.690002,114.639999,113.43,113.949997,109.454002,29641100
9/29/16,113.160004,113.800003,111.800003,112.18,107.753845,35887000
9/30/16,112.459999,113.370003,111.800003,113.050003,108.589523,36379100
10/3/16,112.709999,113.050003,112.279999,112.519997,108.080414,21701800
10/4/16,113.059998,114.309998,112.629997,113,108.541481,29736800
10/5/16,113.400002,113.660004,112.690002,113.050003,108.589523,21453100
10/6/16,113.699997,114.339996,113.129997,113.889999,109.39637,28779300
10/7/16,114.309998,114.559998,113.510002,114.059998,109.559677,24358400
10/10/16,115.019997,116.75,114.720001,116.050003,111.471146,36236000
10/11/16,117.699997,118.690002,116.199997,116.300003,111.711288,64041000
10/12/16,117.349998,117.980003,116.75,117.339996,112.710236,37586800
10/13/16,116.790001,117.440002,115.720001,116.980003,112.364464,35192400
10/14/16,117.879997,118.169998,117.129997,117.629997,112.9888,35652200
10/17/16,117.330002,117.839996,116.779999,117.550003,112.911964,23624900
10/18/16,118.18,118.209999,117.449997,117.470001,112.835114,24553500
10/19/16,117.25,117.760002,113.800003,117.120003,112.498932,20034600
10/20/16,116.860001,117.379997,116.330002,117.059998,112.441284,24125800
10/21/16,116.809998,116.910004,116.279999,116.599998,111.999451,23192700
10/24/16,117.099998,117.739998,117,117.650002,113.008018,23538700
10/25/16,117.949997,118.360001,117.309998,118.25,113.584343,48129000
10/26/16,114.309998,115.699997,113.309998,115.589996,111.029289,66134200
10/27/16,115.389999,115.860001,114.099998,114.480003,109.963097,34562000
10/28/16,113.870003,115.209999,113.449997,113.720001,109.233078,37861700
10/31/16,113.650002,114.230003,113.199997,113.540001,109.060188,26419400
11/1/16,113.459999,113.769997,110.529999,111.489998,107.091064,43825800
11/2/16,111.400002,112.349998,111.230003,111.589996,107.187111,28331700
11/3/16,110.980003,111.459999,109.550003,109.830002,106.038208,26932600
11/4/16,108.529999,110.25,108.110001,108.839996,105.082375,30837000
11/7/16,110.080002,110.510002,109.459999,110.410004,106.598175,32560000
11/8/16,110.309998,111.720001,109.699997,111.059998,107.225731,24054500
11/9/16,109.879997,111.32,108.050003,110.879997,107.051956,59176400
11/10/16,111.089996,111.089996,105.830002,107.790001,104.068626,57134500
11/11/16,107.120003,108.870003,106.550003,108.43,104.686531,34094100
11/14/16,107.709999,107.809998,104.080002,105.709999,102.060455,51175500
11/15/16,106.57,107.68,106.160004,107.110001,103.412117,32264500
11/16/16,106.699997,110.230003,106.599998,109.989998,106.19268,58840500
11/17/16,109.809998,110.349998,108.830002,109.949997,106.15406,27632000
11/18/16,109.720001,110.540001,109.660004,110.059998,106.260269,28428900
11/21/16,110.120003,111.989998,110.010002,111.730003,107.87262,29264600
11/22/16,111.949997,112.419998,111.400002,111.800003,107.940193,25965500
11/23/16,111.360001,111.510002,110.330002,111.230003,107.38987,27426400
11/25/16,111.129997,111.870003,110.949997,111.790001,107.930534,11475900
11/28/16,111.43,112.470001,111.389999,111.57,107.71814,27194000
11/29/16,110.779999,112.029999,110.07,111.459999,107.611946,28528800
11/30/16,111.599998,112.199997,110.269997,110.519997,106.704384,36162300
12/1/16,110.370003,110.940002,109.029999,109.489998,105.709946,37086900
12/2/16,109.169998,110.089996,108.849998,109.900002,106.105789,26528000
12/5/16,110,110.029999,108.25,109.110001,105.343063,34324500
12/6/16,109.5,110.360001,109.190002,109.949997,106.15406,26195500
12/7/16,109.260002,111.190002,109.160004,111.029999,107.19677,29998700
12/8/16,110.860001,112.43,110.599998,112.120003,108.249146,27068300
12/9/16,112.309998,114.699997,112.309998,113.949997,110.015961,34402600
12/12/16,113.290001,115,112.489998,113.300003,109.388397,26374400
12/13/16,113.839996,115.919998,113.75,115.190002,111.21315,43733800
12/14/16,115.040001,116.199997,114.980003,115.190002,111.21315,34031800
12/15/16,115.379997,116.730003,115.230003,115.82,111.821404,46524500
12/16/16,116.470001,116.5,115.650002,115.970001,111.966232,44351100
12/19/16,115.800003,117.379997,115.75,116.639999,112.613098,27779400
12/20/16,116.739998,117.5,116.68,116.949997,112.912392,21425000
12/21/16,116.800003,117.400002,116.779999,117.059998,113.018585,23783200
12/22/16,116.349998,116.510002,115.639999,116.290001,112.275185,26085900
12/23/16,115.589996,116.519997,115.589996,116.519997,112.497246,14249500
12/27/16,116.519997,117.800003,116.489998,117.260002,113.211685,18296900
12/28/16,117.519997,118.019997,116.199997,116.760002,112.728951,20905900
12/29/16,116.449997,117.110001,116.400002,116.730003,112.699989,15039500
12/30/16,116.650002,117.199997,115.43,115.82,111.821404,30586300
1/3/17,115.800003,116.330002,114.760002,116.150002,112.140007,28781900
1/4/17,115.849998,116.510002,115.75,116.019997,112.014503,21118100
1/5/17,115.919998,116.860001,115.809998,116.610001,112.584129,22193600
1/6/17,116.779999,118.160004,116.470001,117.910004,113.839249,31751900
1/9/17,117.949997,119.43,117.940002,118.989998,114.88195,33561900
1/10/17,118.769997,119.379997,118.300003,119.110001,114.997818,24462100
1/11/17,118.739998,119.93,118.599998,119.75,115.615723,27588600
1/12/17,118.900002,119.300003,118.209999,119.25,115.132988,27086200
1/13/17,119.110001,119.620003,118.809998,119.040001,114.930237,26111900
1/17/17,118.339996,120.239998,118.220001,120,115.857086,34439800
1/18/17,120,120.5,119.709999,119.989998,115.847435,23713000
1/19/17,119.400002,120.089996,119.370003,119.779999,115.644691,25597300
1/20/17,120.449997,120.449997,119.730003,120,115.857086,32597900
1/23/17,120,120.809998,119.769997,120.080002,115.934326,22050200
1/24/17,119.550003,120.099998,119.5,119.970001,115.828125,23211000
1/25/17,120.419998,122.099998,120.279999,121.879997,117.672188,32377600
1/26/17,121.669998,122.440002,121.599998,121.940002,117.730118,26337600
1/27/17,122.139999,122.349998,121.599998,121.949997,117.739769,20562900
1/30/17,120.93,121.629997,120.660004,121.629997,117.430817,30377500
1/31/17,121.150002,121.389999,120.620003,121.349998,117.160492,49201000
2/1/17,127.029999,130.490005,127.010002,128.75,124.305,111985000
2/2/17,127.980003,129.389999,127.779999,128.529999,124.092606,33710400
2/3/17,128.309998,129.190002,128.160004,129.080002,124.623619,24507300
2/6/17,129.130005,130.5,128.899994,130.289993,125.79184,26845900
2/7/17,130.539993,132.089996,130.449997,131.529999,126.989029,38183800
2/8/17,131.350006,132.220001,131.220001,132.039993,127.481415,23004100
2/9/17,131.649994,132.449997,131.119995,132.419998,128.402603,28349900
2/10/17,132.460007,132.940002,132.050003,132.119995,128.11171,20065500
2/13/17,133.080002,133.820007,132.75,133.289993,129.246201,23035400
2/14/17,133.470001,135.089996,133.25,135.020004,130.923721,33226200
2/15/17,135.520004,136.270004,134.619995,135.509995,131.398834,35623100
2/16/17,135.669998,135.899994,134.839996,135.350006,131.243729,22584600
2/17/17,135.100006,135.830002,135.100006,135.720001,131.602493,22198200
2/21/17,136.229996,136.75,135.979996,136.699997,132.55275,24507200
2/22/17,136.429993,137.119995,136.110001,137.110001,132.950317,20836900
2/23/17,137.380005,137.479996,136.300003,136.529999,132.387909,20788200
2/24/17,135.910004,136.660004,135.279999,136.660004,132.513962,21776600
2/27/17,137.139999,137.440002,136.279999,136.929993,132.775772,20257400
2/28/17,137.080002,137.440002,136.699997,136.990005,132.833969,23482900
3/1/17,137.889999,140.149994,137.600006,139.789993,135.548996,36414600
3/2/17,140,140.279999,138.759995,138.960007,134.744186,26211000
3/3/17,138.779999,139.830002,138.589996,139.779999,135.539307,21108100
3/6/17,139.369995,139.770004,138.600006,139.339996,135.112656,21750000
3/7/17,139.059998,139.979996,138.789993,139.520004,135.287201,17446300
3/8/17,138.949997,139.800003,138.820007,139,134.782974,18707200
3/9/17,138.740005,138.789993,137.050003,138.679993,134.472672,22155900
3/10/17,139.25,139.360001,138.639999,139.139999,134.918732,19612800
3/13/17,138.850006,139.429993,138.820007,139.199997,134.976898,17421700
3/14/17,139.300003,139.649994,138.839996,138.990005,134.773285,15309100
3/15/17,139.410004,140.75,139.029999,140.460007,136.198685,25691800
3/16/17,140.720001,141.020004,140.259995,140.690002,136.421692,19232000
3/17/17,141,141,139.889999,139.990005,135.74295,43885000
3/20/17,140.399994,141.5,140.229996,141.460007,137.168365,21542000
3/21/17,142.110001,142.800003,139.729996,139.839996,135.597504,39529900
3/22/17,139.850006,141.600006,139.759995,141.419998,137.129562,25860200
3/23/17,141.259995,141.580002,140.610001,140.919998,136.644714,20346300
3/24/17,141.5,141.740005,140.350006,140.639999,136.37323,22395600
3/27/17,139.389999,141.220001,138.619995,140.880005,136.605957,23575100
3/28/17,140.910004,144.039993,140.619995,143.800003,139.437347,33374800
3/29/17,143.679993,144.490005,143.190002,144.119995,139.74765,29190000
3/30/17,144.190002,144.5,143.5,143.929993,139.563416,21207300
3/31/17,143.720001,144.270004,143.009995,143.660004,139.301605,19661700
4/3/17,143.710007,144.119995,143.050003,143.699997,139.340393,19985700
4/4/17,143.25,144.889999,143.169998,144.770004,140.37793,19891400
4/5/17,144.220001,145.460007,143.809998,144.020004,139.650681,27717900
4/6/17,144.289993,144.520004,143.449997,143.660004,139.301605,21149000
4/7/17,143.729996,144.179993,143.270004,143.339996,138.991318,16672200
4/10/17,143.600006,143.880005,142.899994,143.169998,138.826462,18933400
4/11/17,142.940002,143.350006,140.059998,141.630005,137.333206,30379400
4/12/17,141.600006,142.149994,141.009995,141.800003,137.498032,20350000
4/13/17,141.910004,142.380005,141.050003,141.050003,136.770782,17822900
4/17/17,141.479996,141.880005,140.869995,141.830002,137.52713,16582100
4/18/17,141.410004,142.039993,141.110001,141.199997,136.916229,14697500
4/19/17,141.880005,142,140.449997,140.679993,136.412003,17328400
4/20/17,141.220001,142.919998,141.160004,142.440002,138.118622,23319600
4/21/17,142.440002,142.679993,141.850006,142.270004,137.953781,17320900
4/24/17,143.5,143.949997,143.179993,143.639999,139.282196,17134300
4/25/17,143.910004,144.899994,143.869995,144.529999,140.145187,18871500
4/26/17,144.470001,144.600006,143.380005,143.679993,139.320984,20041200
4/27/17,143.919998,144.160004,143.309998,143.789993,139.427643,14246300
4/28/17,144.089996,144.300003,143.270004,143.649994,139.291885,20860400
5/1/17,145.100006,147.199997,144.960007,146.580002,142.132996,33602900
5/2/17,147.539993,148.089996,146.839996,147.509995,143.034805,45352200
5/3/17,145.589996,147.490005,144.270004,147.059998,142.59845,45697000
5/4/17,146.520004,147.139999,145.809998,146.529999,142.084518,23371900
5/5/17,146.759995,148.979996,146.759995,148.960007,144.440811,27327700
5/8/17,149.029999,153.699997,149.029999,153.009995,148.36792,48752400
5/9/17,153.869995,154.880005,153.449997,153.990005,149.318192,39130400
5/10/17,153.630005,153.940002,152.110001,153.259995,148.610352,25805700
5/11/17,152.449997,154.070007,152.309998,153.949997,149.895569,27255100
5/12/17,154.699997,156.419998,154.669998,156.100006,151.988968,32527000
5/15/17,156.009995,156.649994,155.050003,155.699997,151.599518,26009700
5/16/17,155.940002,156.059998,154.720001,155.470001,151.375549,20048500
5/17/17,153.600006,154.570007,149.710007,150.25,146.29303,50767700
5/18/17,151.270004,153.339996,151.130005,152.539993,148.522705,33568200
5/19/17,153.380005,153.979996,152.630005,153.059998,149.029007,26960800
5/22/17,154,154.580002,152.910004,153.990005,149.93454,22966400
5/23/17,154.899994,154.899994,153.309998,153.800003,149.749542,19918900
5/24/17,153.839996,154.169998,152.669998,153.339996,149.301636,19178000
5/25/17,153.729996,154.350006,153.029999,153.869995,149.817673,19235600
5/26/17,154,154.240005,153.309998,153.610001,149.564529,21927600
5/30/17,153.419998,154.429993,153.330002,153.669998,149.622955,20126900
5/31/17,153.970001,154.169998,152.380005,152.759995,148.736908,24451200
6/1/17,153.169998,153.330002,152.220001,153.179993,149.145844,16404100
6/2/17,153.580002,155.449997,152.889999,155.449997,151.356079,27770700
6/5/17,154.339996,154.449997,153.460007,153.929993,149.876099,25331700
6/6/17,153.899994,155.809998,153.779999,154.449997,150.382416,26624900
6/7/17,155.020004,155.979996,154.479996,155.369995,151.278198,21069600
6/8/17,155.25,155.539993,154.399994,154.990005,150.908203,21250800
6/9/17,155.190002,155.190002,146.020004,148.979996,145.056458,64882700
6/12/17,145.740005,146.089996,142.509995,145.419998,141.59024,72307300
6/13/17,147.160004,147.449997,145.149994,146.589996,142.729416,34165400
6/14/17,147.5,147.5,143.839996,145.160004,141.337067,31531200
6/15/17,143.320007,144.479996,142.210007,144.289993,140.48996,32165400
6/16/17,143.779999,144.5,142.199997,142.270004,138.523209,50361100
6/19/17,143.660004,146.740005,143.660004,146.339996,142.486008,32541400
6/20/17,146.869995,146.869995,144.940002,145.009995,141.19101,24900100
6/21/17,145.520004,146.070007,144.610001,145.869995,142.028366,21265800
6/22/17,145.770004,146.699997,145.119995,145.630005,141.794708,19106300
6/23/17,145.130005,147.160004,145.110001,146.279999,142.427597,35439400
6/26/17,147.169998,148.279999,145.380005,145.820007,141.979691,25692400
6/27/17,145.009995,146.160004,143.619995,143.729996,139.944733,24761900
6/28/17,144.490005,146.110001,143.160004,145.830002,141.989441,22082400
6/29/17,144.710007,145.130005,142.279999,143.679993,139.896042,31499400
6/30/17,144.449997,144.960007,143.779999,144.020004,140.227097,23024100
7/3/17,144.880005,145.300003,143.100006,143.5,139.720795,14277800
7/5/17,143.690002,144.789993,142.720001,144.089996,140.295242,21569600
7/6/17,143.020004,143.5,142.410004,142.729996,138.971069,24128800
7/7/17,142.899994,144.75,142.899994,144.179993,140.382874,19201700
7/10/17,144.110001,145.949997,143.369995,145.059998,141.2397,21090600
7/11/17,144.729996,145.850006,144.380005,145.529999,141.697327,19781800
7/12/17,145.869995,146.179993,144.820007,145.740005,141.90181,24884500
7/13/17,145.5,148.490005,145.440002,147.770004,143.878342,25199400
7/14/17,147.970001,149.330002,147.330002,149.039993,145.114883,20132100
7/17/17,148.820007,150.899994,148.570007,149.559998,145.62117,23793500
7/18/17,149.199997,150.130005,148.669998,150.080002,146.127518,17868800
7/19/17,150.479996,151.419998,149.949997,151.020004,147.04274,20923000
7/20/17,151.5,151.740005,150.190002,150.339996,146.380661,17243700
7/21/17,149.990005,150.440002,148.880005,150.270004,146.312531,26252600
7/24/17,150.580002,152.440002,149.899994,152.089996,148.084564,21493200
7/25/17,151.800003,153.839996,151.800003,152.740005,148.717453,18853900
7/26/17,153.350006,153.929993,153.059998,153.460007,149.418518,15781000
7/27/17,153.75,153.990005,147.300003,150.559998,146.594864,32476300
7/28/17,149.889999,150.229996,149.190002,149.5,145.562775,17213700
7/31/17,149.899994,150.330002,148.130005,148.729996,144.813034,19845900
8/1/17,149.100006,150.220001,148.410004,150.050003,146.098297,35368600
8/2/17,159.279999,159.75,156.160004,157.139999,153.001572,69936800
8/3/17,157.050003,157.210007,155.020004,155.570007,151.472931,27097300
8/4/17,156.070007,157.399994,155.690002,156.389999,152.271317,20559900
8/7/17,157.059998,158.919998,156.669998,158.809998,154.627609,21870300
8/8/17,158.600006,161.830002,158.270004,160.080002,155.864151,36205900
8/9/17,159.259995,161.270004,159.110001,161.059998,156.818329,26131500
8/10/17,159.899994,160,154.630005,155.320007,151.82338,40804300
8/11/17,156.600006,158.570007,156.070007,157.479996,153.934753,26257100
8/14/17,159.320007,160.210007,158.75,159.850006,156.251419,22122700
8/15/17,160.660004,162.199997,160.139999,161.600006,157.96199,29465500
8/16/17,161.940002,162.509995,160.149994,160.949997,157.326645,27671600
8/17/17,160.520004,160.710007,157.839996,157.860001,154.306213,27940600
8/18/17,157.860001,159.5,156.720001,157.5,153.9543,27428100
8/21/17,157.5,157.889999,155.110001,157.210007,153.670837,26368500
8/22/17,158.229996,160,158.020004,159.779999,156.182968,21604600
8/23/17,159.070007,160.470001,158.880005,159.979996,156.378464,19399100
8/24/17,160.429993,160.740005,158.550003,159.270004,155.684448,19818900
8/25/17,159.649994,160.559998,159.270004,159.860001,156.261154,25480100
8/28/17,160.139999,162,159.929993,161.470001,157.834915,25966000
8/29/17,160.100006,163.119995,160,162.910004,159.242508,29516900
8/30/17,163.800003,163.889999,162.610001,163.350006,159.672623,27269600
8/31/17,163.639999,164.520004,163.479996,164,160.307968,26785100
9/1/17,164.800003,164.940002,163.630005,164.050003,160.356842,16591100
9/5/17,163.75,164.25,160.559998,162.080002,158.431183,29468500
9/6/17,162.710007,162.990005,160.520004,161.910004,158.26503,21651700
9/7/17,162.089996,162.240005,160.360001,161.259995,157.629654,21928500
9/8/17,160.860001,161.149994,158.529999,158.630005,155.058868,28611500
9/11/17,160.5,162.050003,159.889999,161.5,157.864258,31580800
9/12/17,162.610001,163.960007,158.770004,160.860001,157.238647,71714000
9/13/17,159.869995,159.960007,157.910004,159.649994,156.055878,44907400
9/14/17,158.990005,159.399994,158.089996,158.279999,154.716736,23760700
9/15/17,158.470001,160.970001,158,159.880005,156.280716,49114600
9/18/17,160.110001,160.5,158,158.669998,155.097946,28269400
9/19/17,159.509995,159.770004,158.440002,158.729996,155.156601,20810600
9/20/17,157.899994,158.259995,153.830002,156.070007,152.556503,52951400
9/21/17,155.800003,155.800003,152.75,153.389999,149.936829,37511700
9/22/17,151.539993,152.270004,150.559998,151.889999,148.470596,46645400
9/25/17,149.990005,151.830002,149.160004,150.550003,147.160751,44387300
9/26/17,151.779999,153.919998,151.690002,153.139999,149.692444,36660000
9/27/17,153.800003,154.720001,153.539993,154.229996,150.757935,25504200
9/28/17,153.889999,154.279999,152.699997,153.279999,149.829315,22005500
9/29/17,153.210007,154.130005,152,154.119995,150.650375,26299800
10/2/17,154.259995,154.449997,152.720001,153.809998,150.347382,18698800
10/3/17,154.009995,155.089996,153.910004,154.479996,151.002274,16230300
10/4/17,153.630005,153.860001,152.460007,153.479996,150.024796,20163800
10/5/17,154.179993,155.440002,154.050003,155.389999,151.891785,21283800
10/6/17,154.970001,155.490005,154.559998,155.300003,151.803818,17407600
10/9/17,155.809998,156.729996,155.490005,155.839996,152.331665,16262900
10/10/17,156.059998,158,155.100006,155.899994,152.390305,15617000
10/11/17,155.970001,156.979996,155.75,156.550003,153.025696,16905600
10/12/17,156.350006,157.369995,155.729996,156,152.488052,16125100
10/13/17,156.729996,157.279999,156.410004,156.990005,153.455765,16394200
10/16/17,157.899994,160,157.649994,159.880005,156.280716,24121500
10/17/17,159.779999,160.869995,159.229996,160.470001,156.857437,18997300
10/18/17,160.419998,160.710007,159.600006,159.759995,156.163422,16374200
10/19/17,156.75,157.080002,155.020004,155.979996,152.468521,42584200
10/20/17,156.610001,157.75,155.960007,156.25,152.732422,23974100
10/23/17,156.889999,157.690002,155.5,156.169998,152.654221,21984300
10/24/17,156.289993,157.419998,156.199997,157.100006,153.563309,17757200
10/25/17,156.910004,157.550003,155.270004,156.410004,152.88884,21207100
10/26/17,157.229996,157.830002,156.779999,157.410004,153.866302,17000500
10/27/17,159.289993,163.600006,158.699997,163.050003,159.379364,44454200
10/30/17,163.889999,168.070007,163.720001,166.720001,162.966751,44700800
10/31/17,167.899994,169.649994,166.940002,169.039993,165.234512,36046800
11/1/17,169.869995,169.940002,165.610001,166.889999,163.132919,33637800
11/2/17,166.600006,168.5,165.279999,168.110001,164.325455,41393400
11/3/17,174,174.259995,171.119995,172.5,168.616608,59398600
11/6/17,172.369995,174.990005,171.720001,174.25,170.327209,35026300
11/7/17,173.910004,175.25,173.600006,174.809998,170.874619,24361500
11/8/17,174.660004,176.240005,174.330002,176.240005,172.272415,24409500
11/9/17,175.110001,176.100006,173.139999,175.880005,171.920532,29482600
11/10/17,175.110001,175.380005,174.270004,174.669998,171.351532,25145500
11/13/17,173.5,174.5,173.399994,173.970001,170.664841,16982100
11/14/17,173.039993,173.479996,171.179993,171.339996,168.084793,24782500
11/15/17,169.970001,170.320007,168.380005,169.080002,165.867737,29158100
11/16/17,171.179993,171.869995,170.300003,171.100006,167.84938,23637500
11/17/17,171.039993,171.389999,169.639999,170.149994,166.917419,21899500
11/20/17,170.289993,170.559998,169.559998,169.979996,166.750641,16262400
11/21/17,170.779999,173.699997,170.779999,173.139999,169.850601,25131300
11/22/17,173.360001,175,173.050003,174.960007,171.636032,25588900
11/24/17,175.100006,175.5,174.649994,174.970001,171.645859,14026700
11/27/17,175.050003,175.080002,173.339996,174.089996,170.782547,20716800
11/28/17,174.300003,174.869995,171.860001,173.070007,169.781952,26428800
11/29/17,172.630005,172.919998,167.160004,169.479996,166.260147,41666400
11/30/17,170.429993,172.139999,168.440002,171.850006,168.585114,41527200
12/1/17,169.949997,171.669998,168.5,171.050003,167.800308,39759300
12/4/17,172.479996,172.619995,169.630005,169.800003,166.574081,32542400
12/5/17,169.059998,171.520004,168.399994,169.639999,166.417099,27350200
12/6/17,167.5,170.199997,166.460007,169.009995,165.799088,28560000
12/7/17,169.029999,170.440002,168.910004,169.320007,166.103195,25673300
12/8/17,170.490005,171,168.820007,169.369995,166.152222,23355200
12/11/17,169.199997,172.889999,168.789993,172.669998,169.389542,35273800
12/12/17,172.149994,172.389999,171.460007,171.699997,168.437973,19409200
12/13/17,172.5,173.539993,172,172.270004,168.997131,23818400
12/14/17,172.399994,173.130005,171.649994,172.220001,168.948074,20476500
12/15/17,173.630005,174.169998,172.460007,173.970001,170.664841,40169300
12/18/17,174.880005,177.199997,174.860001,176.419998,173.068283,29421100
12/19/17,175.029999,175.389999,174.089996,174.539993,171.224014,27436400
12/20/17,174.869995,175.419998,173.25,174.350006,171.037628,23475600
12/21/17,174.169998,176.020004,174.100006,175.009995,171.685074,20949900
12/22/17,174.679993,175.419998,174.5,175.009995,171.685074,16114600
12/26/17,170.800003,171.470001,169.679993,170.570007,167.329453,33185500
12/27/17,170.100006,170.779999,169.710007,170.600006,167.358871,21498200
12/28/17,171,171.850006,170.479996,171.080002,167.829758,16480200
12/29/17,170.520004,170.589996,169.220001,169.229996,166.014908,25884400
1/2/18,170.160004,172.300003,169.259995,172.259995,168.98732,25555900
1/3/18,172.529999,174.550003,171.960007,172.229996,168.957886,29517900
1/4/18,172.539993,173.470001,172.080002,173.029999,169.742706,22434600
1/5/18,173.440002,175.369995,173.050003,175,171.675278,23660000
1/8/18,174.350006,175.610001,173.929993,174.350006,171.037628,20567800
1/9/18,174.550003,175.059998,173.410004,174.330002,171.018005,21584000
1/10/18,173.160004,174.300003,173,174.289993,170.97876,23959900
1/11/18,174.589996,175.490005,174.490005,175.279999,171.949951,18667700
1/12/18,176.179993,177.360001,175.649994,177.089996,173.725571,25226000
1/16/18,177.899994,179.389999,176.139999,176.190002,172.842682,29565900
1/17/18,176.149994,179.25,175.070007,179.100006,175.697388,34386800
1/18/18,179.369995,180.100006,178.25,179.259995,175.85434,31193400
1/19/18,178.610001,179.580002,177.410004,178.460007,175.06955,32425100
1/22/18,177.300003,177.779999,176.600006,177,173.637283,27108600
1/23/18,177.300003,179.440002,176.820007,177.039993,173.676514,32689100
1/24/18,177.25,177.300003,173.199997,174.220001,170.91008,51105100
1/25/18,174.509995,174.949997,170.529999,171.110001,167.859161,41529000
1/26/18,172,172,170.059998,171.509995,168.251556,39143000
1/29/18,170.160004,170.160004,167.070007,167.960007,164.769012,50640400
1/30/18,165.529999,167.369995,164.699997,166.970001,163.797836,46048200
1/31/18,166.869995,168.440002,166.5,167.429993,164.249084,32478900
2/1/18,167.169998,168.619995,166.759995,167.779999,164.592438,47230800
2/2/18,166,166.800003,160.100006,160.5,157.450745,86593800
2/5/18,159.100006,163.880005,156,156.490005,153.516953,72738500
2/6/18,154.830002,163.720001,154,163.029999,159.932663,68243800
2/7/18,163.089996,163.399994,159.070007,159.539993,156.508972,51608600
2/8/18,160.289993,161,155.029999,155.149994,152.202393,54390500
2/9/18,157.070007,157.889999,150.240005,156.410004,154.064056,70672600
2/12/18,158.5,163.889999,157.509995,162.710007,160.269562,60819500
2/13/18,161.949997,164.75,161.649994,164.339996,161.875107,32549200
2/14/18,163.039993,167.539993,162.880005,167.369995,164.85965,40644900
2/15/18,169.789993,173.089996,169,172.990005,170.39537,51147200
2/16/18,172.360001,174.820007,171.770004,172.429993,169.843765,40176100
2/20/18,172.050003,174.259995,171.419998,171.850006,169.272461,33930500
2/21/18,172.830002,174.119995,171.009995,171.070007,168.504166,37471600
2/22/18,171.800003,173.949997,171.710007,172.5,169.912704,30991900
2/23/18,173.669998,175.649994,173.539993,175.5,172.867706,33812400
2/26/18,176.350006,179.389999,176.210007,178.970001,176.285675,38162200
2/27/18,179.100006,180.479996,178.160004,178.389999,175.714386,38928100
2/28/18,179.259995,180.619995,178.050003,178.119995,175.44841,37782100
3/1/18,178.539993,179.779999,172.660004,175,172.375214,48802000
3/2/18,172.800003,176.300003,172.449997,176.210007,173.567078,38454000
3/5/18,175.210007,177.740005,174.520004,176.820007,174.167923,28401400
3/6/18,177.910004,178.25,176.130005,176.669998,174.020172,23788500
3/7/18,174.940002,175.850006,174.270004,175.029999,172.40477,31703500
3/8/18,175.479996,177.119995,175.070007,176.940002,174.286118,23774100
3/9/18,177.960007,180,177.389999,179.979996,177.280518,32185200
3/12/18,180.289993,182.389999,180.210007,181.720001,178.994415,32207100
3/13/18,182.589996,183.5,179.240005,179.970001,177.27066,31693500
3/14/18,180.320007,180.520004,177.809998,178.440002,175.763611,29368400
3/15/18,178.5,180.240005,178.070007,178.649994,175.970459,22743800
3/16/18,178.649994,179.119995,177.619995,178.020004,175.349915,39404700
3/19/18,177.320007,177.470001,173.660004,175.300003,172.670731,33446800
3/20/18,175.240005,176.800003,174.940002,175.240005,172.611618,19649400
3/21/18,175.039993,175.089996,171.259995,171.270004,168.701157,36338100
3/22/18,170,172.679993,168.600006,168.850006,166.317459,41490800
3/23/18,168.389999,169.919998,164.940002,164.940002,162.466095,41028800
3/26/18,168.070007,173.100006,166.440002,172.770004,170.17868,37541200
3/27/18,173.679993,175.149994,166.919998,168.339996,165.815109,40922600
3/28/18,167.25,170.020004,165.190002,166.479996,163.983002,41668500
3/29/18,167.809998,171.75,166.899994,167.779999,165.263504,38398500
4/2/18,166.639999,168.940002,164.470001,166.679993,164.180008,37586800
4/3/18,167.639999,168.75,164.880005,168.389999,165.864349,30278000
4/4/18,164.880005,172.009995,164.770004,171.610001,169.036072,34605500
4/5/18,172.580002,174.229996,172.080002,172.800003,170.208206,26933200
4/6/18,170.970001,172.479996,168.199997,168.380005,165.854523,35005300
4/9/18,169.880005,173.089996,169.850006,170.050003,167.499466,29017700
4/10/18,173,174,171.529999,173.25,170.651459,28408600
4/11/18,172.229996,173.919998,171.699997,172.440002,169.853622,22431600
4/12/18,173.410004,175,173.039993,174.139999,171.528107,22889300
4/13/18,174.779999,175.839996,173.850006,174.729996,172.109268,25124300
4/16/18,175.029999,176.190002,174.830002,175.820007,173.182922,21578400
4/17/18,176.490005,178.940002,176.410004,178.240005,175.56662,26509000
4/18/18,177.809998,178.820007,176.880005,177.839996,175.172607,20754500
4/19/18,173.759995,175.389999,172.660004,172.800003,170.208206,34808800
4/20/18,170.600006,171.220001,165.429993,165.720001,163.23439,65491100
4/23/18,166.830002,166.919998,164.089996,165.240005,162.761597,36515500
4/24/18,165.669998,166.330002,161.220001,162.940002,160.496109,33692000
4/25/18,162.619995,165.419998,162.410004,163.649994,161.19545,28382100
4/26/18,164.119995,165.729996,163.369995,164.220001,161.756912,27963000
4/27/18,164,164.330002,160.630005,162.320007,159.885406,35655800
4/30/18,162.130005,167.259995,161.839996,165.259995,162.781296,42427400
5/1/18,166.410004,169.199997,165.270004,169.100006,166.563705,53569400
5/2/18,175.229996,177.75,173.800003,176.570007,173.921677,66539400
5/3/18,175.880005,177.5,174.440002,176.889999,174.236862,34068200
5/4/18,178.25,184.25,178.169998,183.830002,181.072769,56201300
5/7/18,185.179993,187.669998,184.75,185.160004,182.382813,42451400
5/8/18,184.990005,186.220001,183.669998,186.050003,183.259476,28402800
5/9/18,186.550003,187.399994,185.220001,187.360001,184.549835,23211200
5/10/18,187.740005,190.369995,187.649994,190.039993,187.189621,27989300
5/11/18,189.490005,190.059998,187.449997,188.589996,186.477692,26212200
5/14/18,189.009995,189.529999,187.860001,188.149994,186.042618,20778800
5/15/18,186.779999,187.070007,185.100006,186.440002,184.351776,23695200
5/16/18,186.070007,188.460007,186,188.179993,186.072266,19183100
5/17/18,188,188.910004,186.360001,186.990005,184.895615,17294000
5/18/18,187.190002,187.809998,186.130005,186.309998,184.223236,18297700
5/21/18,188,189.270004,186.910004,187.630005,185.528442,18400800
5/22/18,188.380005,188.880005,186.779999,187.160004,185.063721,15240700
5/23/18,186.350006,188.5,185.759995,188.360001,186.250259,20058400
5/24/18,188.770004,188.839996,186.210007,188.149994,186.042618,23234000
5/25/18,188.229996,189.649994,187.649994,188.580002,186.467804,17461000
5/29/18,187.600006,188.75,186.869995,187.899994,185.795425,22514100
5/30/18,187.720001,188,186.779999,187.5,185.399887,18690500
5/31/18,187.220001,188.229996,186.139999,186.869995,184.776947,27482800
6/1/18,187.990005,190.259995,187.75,190.240005,188.109222,23442500
6/4/18,191.639999,193.419998,191.350006,191.830002,189.681396,26266200
6/5/18,193.070007,193.940002,192.360001,193.309998,191.144821,21566000
6/6/18,193.630005,194.080002,191.919998,193.979996,191.807312,20933600
6/7/18,194.139999,194.199997,192.339996,193.460007,191.293152,21347200
6/8/18,191.169998,192,189.770004,191.699997,189.552856,26656800
6/11/18,191.350006,191.970001,190.210007,191.229996,189.088135,18308500
6/12/18,191.389999,192.610001,191.149994,192.279999,190.126358,16911100
6/13/18,192.419998,192.880005,190.440002,190.699997,188.564056,21638400
6/14/18,191.550003,191.570007,190.220001,190.800003,188.662933,21610100
6/15/18,190.029999,190.160004,188.259995,188.839996,186.724884,61719200
6/18/18,187.880005,189.220001,187.199997,188.740005,186.626022,18484900
6/19/18,185.139999,186.330002,183.449997,185.690002,183.610168,33578500
6/20/18,186.350006,187.199997,185.729996,186.5,184.411102,20628700
6/21/18,187.25,188.350006,184.940002,185.460007,183.382751,25711900
6/22/18,186.119995,186.149994,184.699997,184.919998,182.848785,27200400
6/25/18,183.399994,184.919998,180.729996,182.169998,180.129608,31663100
6/26/18,182.990005,186.529999,182.539993,184.429993,182.364288,24569200
6/27/18,185.229996,187.279999,184.029999,184.160004,182.097321,25285300
6/28/18,184.100006,186.210007,183.800003,185.5,183.422302,17365200
6/29/18,186.289993,187.190002,182.910004,185.110001,183.036682,22737700
7/2/18,183.820007,187.300003,183.419998,187.179993,185.083466,17731300
7/3/18,187.789993,187.949997,183.539993,183.919998,181.859985,13954800
7/5/18,185.259995,186.410004,184.279999,185.399994,183.32341,16604200
7/6/18,185.419998,188.429993,185.199997,187.970001,185.864655,17485200
7/9/18,189.5,190.679993,189.300003,190.580002,188.445404,19756600
7/10/18,190.710007,191.279999,190.179993,190.350006,188.217972,15939100
7/11/18,188.5,189.779999,187.610001,187.880005,185.77565,18831500
7/12/18,189.529999,191.410004,189.309998,191.029999,188.890366,18041100
7/13/18,191.080002,191.839996,190.899994,191.330002,189.187012,12513900
7/16/18,191.520004,192.649994,190.419998,190.910004,188.771713,15043100
7/17/18,189.75,191.869995,189.199997,191.449997,189.305664,15534500
7/18/18,191.779999,191.800003,189.929993,190.399994,188.26741,16393400
7/19/18,189.690002,192.550003,189.690002,191.880005,189.73085,20286800
7/20/18,191.779999,192.429993,190.169998,191.440002,189.295776,20676200
7/23/18,190.679993,191.960007,189.559998,191.610001,189.463867,15989400
7/24/18,192.449997,193.660004,192.050003,193,190.838303,18697900
7/25/18,193.059998,194.850006,192.429993,194.820007,192.637924,16709900
7/26/18,194.610001,195.960007,193.610001,194.210007,192.03476,19076000
7/27/18,194.990005,195.190002,190.100006,190.979996,188.840912,24024000
7/30/18,191.899994,192.199997,189.070007,189.910004,187.782913,21029500
7/31/18,190.300003,192.139999,189.339996,190.289993,188.158646,39373000
8/1/18,199.130005,201.759995,197.309998,201.5,199.243088,67935700
8/2/18,200.580002,208.380005,200.350006,207.389999,205.067123,62404000
8/3/18,207.029999,208.740005,205.479996,207.990005,205.660416,33447400
8/6/18,208,209.25,207.070007,209.070007,206.728317,25425400
8/7/18,209.320007,209.5,206.759995,207.110001,204.790268,25587400
8/8/18,206.050003,207.809998,204.520004,207.25,204.928696,22525500
8/9/18,207.279999,209.779999,207.199997,208.880005,206.540436,23469200
8/10/18,207.360001,209.100006,206.669998,207.529999,205.925232,24611200
8/13/18,207.699997,210.949997,207.699997,208.869995,207.254883,25869100
8/14/18,210.160004,210.559998,208.259995,209.75,208.128067,20748000
8/15/18,209.220001,210.740005,208.330002,210.240005,208.614273,28807600
8/16/18,211.75,213.809998,211.470001,213.320007,211.670471,28500400
8/17/18,213.440002,217.949997,213.160004,217.580002,215.897522,35427000
8/20/18,218.100006,219.179993,215.110001,215.460007,213.79393,30287700
8/21/18,216.800003,217.190002,214.029999,215.039993,213.377167,26159800
8/22/18,214.100006,216.360001,213.839996,215.050003,213.387085,19018100
8/23/18,214.649994,217.050003,214.600006,215.490005,213.823685,18883200
8/24/18,216.600006,216.899994,215.110001,216.160004,214.488495,18476400
8/27/18,217.149994,218.740005,216.330002,217.940002,216.254745,20525100
8/28/18,219.009995,220.539993,218.919998,219.699997,218.001129,22776800
8/29/18,220.149994,223.490005,219.410004,222.979996,221.255753,27254800
8/30/18,223.25,228.259995,222.399994,225.029999,223.289917,48793800
8/31/18,226.509995,228.869995,226,227.630005,225.869812,43340100
9/4/18,228.410004,229.179993,226.630005,228.360001,226.594162,27390100
9/5/18,228.990005,229.669998,225.100006,226.869995,225.115677,33333000
9/6/18,226.229996,227.350006,221.300003,223.100006,221.374847,34290000
9/7/18,221.850006,225.369995,220.710007,221.300003,219.58876,37619800
9/10/18,220.949997,221.850006,216.470001,218.330002,216.641724,39516500
9/11/18,218.009995,224.300003,216.559998,223.850006,222.119049,35749000
9/12/18,224.940002,225,219.839996,221.070007,219.36055,49278700
9/13/18,223.520004,228.350006,222.570007,226.410004,224.659256,41706400
9/14/18,225.75,226.839996,222.520004,223.839996,222.1091,31999300
9/17/18,222.149994,222.949997,217.270004,217.880005,216.195206,37195100
9/18/18,217.789993,221.850006,217.119995,218.240005,216.552414,31571700
9/19/18,218.5,219.619995,215.300003,218.369995,216.681412,27123800
9/20/18,220.240005,222.279999,219.149994,220.029999,218.328583,26608800
9/21/18,220.779999,221.360001,217.289993,217.660004,215.976913,96246700
9/24/18,216.820007,221.259995,216.630005,220.789993,219.082687,27693400
9/25/18,219.75,222.820007,219.699997,222.190002,220.471878,24554400
9/26/18,221,223.75,219.759995,220.419998,218.715561,23984700
9/27/18,223.820007,226.440002,223.539993,224.949997,223.210526,30181200
9/28/18,224.789993,225.839996,224.020004,225.740005,223.994431,22929400
10/1/18,227.949997,229.419998,226.350006,227.259995,225.50267,23600800
10/2/18,227.25,230,226.630005,229.279999,227.50705,24788200
10/3/18,230.050003,233.470001,229.779999,232.070007,230.275482,28654800
10/4/18,230.779999,232.350006,226.729996,227.990005,226.227036,32042000
10/5/18,227.960007,228.410004,220.580002,224.289993,222.555634,33580500
10/8/18,222.210007,224.800003,220.199997,223.770004,222.039658,29663900
10/9/18,223.639999,227.270004,222.25,226.869995,225.115677,26891000
10/10/18,225.460007,226.350006,216.050003,216.360001,214.686966,41990600
10/11/18,214.520004,219.5,212.320007,214.449997,212.791718,53124400
10/12/18,220.419998,222.880005,216.839996,222.110001,220.392502,40337900
10/15/18,221.160004,221.830002,217.270004,217.360001,215.67923,30791000
10/16/18,218.929993,222.990005,216.759995,222.149994,220.432175,29184000
10/17/18,222.300003,222.639999,219.339996,221.190002,219.479614,22885400
10/18/18,217.860001,219.740005,213,216.020004,214.349579,32581300
10/19/18,218.059998,221.259995,217.429993,219.309998,217.614151,33078700
10/22/18,219.789993,223.360001,218.940002,220.649994,218.943771,28792100
10/23/18,215.830002,223.25,214.699997,222.729996,221.00769,38767800
10/24/18,222.600006,224.229996,214.539993,215.089996,213.426773,40925500
10/25/18,217.710007,221.380005,216.75,219.800003,218.100357,29855800
10/26/18,215.899994,220.190002,212.669998,216.300003,214.627411,47258400
10/29/18,219.190002,219.690002,206.089996,212.240005,210.598831,45935500
10/30/18,211.149994,215.179993,209.270004,213.300003,211.65062,36660000
10/31/18,216.880005,220.449997,216.619995,218.860001,217.167618,38358900
11/1/18,219.050003,222.360001,216.809998,222.220001,220.501633,58323200
11/2/18,209.550003,213.649994,205.429993,207.479996,205.87561,91328700
11/5/18,204.300003,204.389999,198.169998,201.589996,200.031158,66163700
11/6/18,201.919998,204.720001,201.690002,203.770004,202.194321,31882900
11/7/18,205.970001,210.059998,204.130005,209.949997,208.326508,33424400
11/8/18,209.979996,210.119995,206.75,208.490005,207.599655,25362600
11/9/18,205.550003,206.009995,202.25,204.470001,203.596817,34365800
11/12/18,199,199.850006,193.789993,194.169998,193.34079,51135500
11/13/18,191.630005,197.179993,191.449997,192.229996,191.409073,46882900
11/14/18,193.899994,194.479996,185.929993,186.800003,186.002274,60801000
11/15/18,188.389999,191.970001,186.899994,191.410004,190.59259,46478800
11/16/18,190.5,194.970001,189.460007,193.529999,192.703537,36928300
11/19/18,190,190.699997,184.990005,185.860001,185.066284,41925300
11/20/18,178.369995,181.470001,175.509995,176.979996,176.224197,67825200
11/21/18,179.729996,180.270004,176.550003,176.779999,176.025055,31124200
11/23/18,174.940002,176.600006,172.100006,172.289993,171.55423,23624000
11/26/18,174.240005,174.949997,170.259995,174.619995,173.874283,44998500
11/27/18,171.509995,174.770004,170.880005,174.240005,173.495911,41387400
11/28/18,176.729996,181.289993,174.929993,180.940002,180.167297,46062500
11/29/18,182.660004,182.800003,177.699997,179.550003,178.783234,41770000
11/30/18,180.289993,180.330002,177.029999,178.580002,177.817383,39531500
12/3/18,184.460007,184.940002,181.210007,184.820007,184.030731,40802500
12/4/18,180.949997,182.389999,176.270004,176.690002,175.935455,41344300
12/6/18,171.759995,174.779999,170.419998,174.720001,173.973862,43098400
12/7/18,173.490005,174.490005,168.300003,168.490005,167.770477,42281600
12/10/18,165,170.089996,163.330002,169.600006,168.875732,62026000
12/11/18,171.660004,171.789993,167,168.630005,167.909866,47281700
12/12/18,170.399994,171.919998,169.020004,169.100006,168.377869,35627700
12/13/18,170.490005,172.570007,169.550003,170.949997,170.219955,31898600
12/14/18,169,169.080002,165.279999,165.479996,164.773315,40703700
12/17/18,165.449997,168.350006,162.729996,163.940002,163.239899,44287900
12/18/18,165.380005,167.529999,164.389999,166.070007,165.360809,33841500
12/19/18,166,167.449997,159.089996,160.889999,160.202927,49047300
12/20/18,160.399994,162.110001,155.300003,156.830002,156.160263,64773000
12/21/18,156.860001,158.160004,149.630005,150.729996,150.086304,95744600
12/24/18,148.149994,151.550003,146.589996,146.830002,146.202972,37169200
12/26/18,148.300003,157.229996,146.720001,157.169998,156.49881,58582500
12/27/18,155.839996,156.770004,150.070007,156.149994,155.483154,53117100
12/28/18,157.5,158.520004,154.550003,156.229996,155.56282,42291400
12/31/18,158.529999,159.360001,156.479996,157.740005,157.066376,35003500
1/2/19,154.889999,158.850006,154.229996,157.919998,157.245605,37039700
1/3/19,143.979996,145.720001,142,142.190002,141.582779,91312200
1/4/19,144.529999,148.550003,143.800003,148.259995,147.626846,58607100
1/7/19,148.699997,148.830002,145.899994,147.929993,147.298264,54777800
1/8/19,149.559998,151.820007,148.520004,150.75,150.106216,41025300
1/9/19,151.289993,154.529999,149.630005,153.309998,152.655289,45099100
1/10/19,152.5,153.970001,150.860001,153.800003,153.143204,35780700
1/11/19,152.880005,153.699997,151.509995,152.289993,151.639633,27023200
1/14/19,150.850006,151.270004,149.220001,150,149.359421,32439200
1/15/19,150.270004,153.389999,150.050003,153.070007,152.416321,28710900
1/16/19,153.080002,155.880005,153,154.940002,154.278336,30569700
1/17/19,154.199997,157.660004,153.259995,155.860001,155.194397,29821200
1/18/19,157.5,157.880005,155.979996,156.820007,156.150314,33751000
1/22/19,156.410004,156.729996,152.619995,153.300003,152.64534,30394000
1/23/19,154.149994,155.139999,151.699997,153.919998,153.26268,23130600
1/24/19,154.110001,154.479996,151.740005,152.699997,152.047897,25441500
1/25/19,155.479996,158.130005,154.320007,157.759995,157.086288,33535500
1/28/19,155.789993,156.330002,153.660004,156.300003,155.632523,26192100
1/29/19,156.25,158.130005,154.110001,154.679993,154.01944,41587200
1/30/19,163.25,166.149994,160.229996,165.25,164.544296,61109800
1/31/19,166.110001,169,164.559998,166.440002,165.729218,40739600
2/1/19,166.960007,168.979996,165.929993,166.520004,165.808884,32668100
2/4/19,167.410004,171.660004,167.279999,171.25,170.518677,31495500
2/5/19,172.860001,175.080002,172.350006,174.179993,173.436157,36101600
2/6/19,174.649994,175.570007,172.850006,174.240005,173.495911,28239600
2/7/19,172.399994,173.940002,170.339996,170.940002,170.210007,31741700
2/8/19,168.990005,170.660004,168.419998,170.410004,170.410004,23820000
2/11/19,171.050003,171.210007,169.25,169.429993,169.429993,20993400
2/12/19,170.100006,171,169.699997,170.889999,170.889999,22283500
2/13/19,171.389999,172.479996,169.919998,170.179993,170.179993,22490200
2/14/19,169.710007,171.259995,169.380005,170.800003,170.800003,21835700
2/15/19,171.25,171.699997,169.75,170.419998,170.419998,24626800
2/19/19,169.710007,171.440002,169.490005,170.929993,170.929993,18972800
2/20/19,171.190002,173.320007,170.990005,172.029999,172.029999,26114400
2/21/19,171.800003,172.369995,170.300003,171.059998,171.059998,17249700
2/22/19,171.580002,173,171.380005,172.970001,172.970001,18913200
2/25/19,174.160004,175.869995,173.949997,174.229996,174.229996,21873400
2/26/19,173.710007,175.300003,173.169998,174.330002,174.330002,17070200
2/27/19,173.210007,175,172.729996,174.869995,174.869995,27835400
2/28/19,174.320007,174.910004,172.919998,173.149994,173.149994,28215400
3/1/19,174.279999,175.149994,172.889999,174.970001,174.970001,25886200
3/4/19,175.690002,177.75,173.970001,175.850006,175.850006,27436200
3/5/19,175.940002,176,174.539993,175.529999,175.529999,19737400
3/6/19,174.669998,175.490005,173.940002,174.520004,174.520004,20810400
3/7/19,173.869995,174.440002,172.020004,172.5,172.5,24796400
3/8/19,170.320007,173.070007,169.5,172.910004,172.910004,23999400
3/11/19,175.490005,179.119995,175.350006,178.899994,178.899994,32011000
3/12/19,180,182.669998,179.369995,180.910004,180.910004,32467600
3/13/19,182.25,183.300003,180.919998,181.710007,181.710007,30970100